model,role,rq,condition,n,em,em_ci_low,em_ci_high,macro_field_acc,macro_field_acc_ci_low,macro_field_acc_ci_high,valid_rate,valid_rate_ci_low,valid_rate_ci_high,unsafe_rate,unsafe_rate_ci_low,unsafe_rate_ci_high,spurious_rate,spurious_rate_ci_low,spurious_rate_ci_high,missed_rate,missed_rate_ci_low,missed_rate_ci_high,rq1b_request_em,rq1b_request_em_ci_low,rq1b_request_em_ci_high,rq1b_message_all_correct,seen_top1,seen_top1_ci_low,seen_top1_ci_high,unseen_top1,unseen_top1_ci_low,unseen_top1_ci_high,unsupported_f1,unsupported_f1_ci_low,unsupported_f1_ci_high,latency_p50,latency_p50_ci_low,latency_p50_ci_high,latency_p95,latency_p95_ci_low,latency_p95_ci_high,latency_p99,output_tokens_median,cost_mean_usd_per_call,cost_usd_per_1000_correct,flag_valid_lt_50
Jev-1.13.0,main,RQ1a,base,300,0.94,0.9133333333333333,0.9666666666666667,0.985,0.9783333333333334,0.9916666666666667,1.0,1.0,1.0,0.0,0.0,0.0,0.042352941176470586,0.024271844660194174,0.06235926674364891,0.0,0.0,0.0,,,,,,,,,,,,,,0.273638729006052,0.2683972716331482,0.28129737451672554,0.3806574081070722,0.359129904396832,0.4033354450482875,0.5355514160636812,181.0,3.4312599999999994e-05,0.03650276595744681,False
DeepSeek-V4.1-Flash,main,RQ1a,base,300,0.99,0.9766666666666667,1.0,0.9975,0.9941666666666666,1.0,1.0,1.0,1.0,0.0,0.0,0.0,0.004705882352941176,0.0,0.011961722488038277,0.0012903225806451613,0.0,0.0039268302306272405,,,,,,,,,,,,,,0.3777499161660671,0.37296597892418504,0.3848779583349824,1.0539149041753262,0.6088292796630417,1.6830453650094588,4.933385052746154,26.0,8.960488e-05,0.0905099797979798,False
GLM-5.3-Flash,main,RQ1a,base,300,0.9866666666666667,0.9733333333333334,0.9966666666666667,0.9966666666666667,0.9933333333333333,0.9991666666666666,1.0,1.0,1.0,0.0,0.0,0.0,0.004705882352941176,0.0,0.011990407673860911,0.0025806451612903226,0.0,0.006502162237212827,,,,,,,,,,,,,,0.6464128117077053,0.6185294999741018,0.6689971671206876,2.68544342503883,2.312420614529402,2.8500557773280892,3.3627020347863135,36.0,3.994003333333334e-05,0.04047976351351351,False
Qwen3.8-Flash,main,RQ1a,base,300,0.96,0.9366666666666666,0.98,0.9875,0.9783333333333334,0.9941666666666666,0.9966666666666667,0.99,1.0,0.0,0.0,0.0,0.02588235294117647,0.011904761904761904,0.04205607476635514,0.003870967741935484,0.0,0.011780104712041885,,,,,,,,,,,,,,1.7743495618924499,1.6609978331252933,1.863342312630266,3.668294118996711,3.4212610831018546,4.688295994140209,5.773902881713584,30.0,3.657680936454849e-05,0.03797384027777778,False
SemIf-Qwen3.5-4B,main,RQ1a,base,300,0.64,0.5866666666666667,0.6933333333333334,0.9016666666666666,0.8858333333333334,0.9166666666666666,1.0,1.0,1.0,0.0033333333333333335,0.0,0.01,0.1952941176470588,0.16046447738308203,0.23165205391806015,0.03096774193548387,0.019255455712451863,0.04430441635172379,,,,,,,,,,,,,,0.12374424887821078,0.12290802437346429,0.12377740629017353,0.29591953295748685,0.26709752490278343,0.30580413923598826,0.32285399611108,0.0,,,False
Laya,main,RQ1a,base,300,0.11,0.07666666666666666,0.14666666666666667,0.6708333333333333,0.65,0.6916666666666667,1.0,1.0,1.0,0.13,0.09333333333333334,0.17,0.7623529411764706,0.7270483691562797,0.7975015243902439,0.005161290322580645,0.0012674271229404308,0.010444205532517615,,,,,,,,,,,,,,0.05483278329484165,0.05482871341519058,0.05483737005852163,0.2216896486468613,0.1920160803245381,0.22714056770782926,0.2418885239819064,0.0,,,False
Qwen3.5-4B-JSON,reference,RQ1a,base,300,0.48,0.42333333333333334,0.5366666666666666,0.8541666666666666,0.8358333333333333,0.8716666666666667,1.0,1.0,1.0,0.0,0.0,0.0,0.30117647058823527,0.2556548404115009,0.3489473146503623,0.025806451612903226,0.013245033112582781,0.040051679586563305,,,,,,,,,,,,,,0.773794457083568,0.772803692612797,0.7748102678451687,0.867910781572573,0.8508163541555405,0.8942371177487076,1.0359782109176738,30.0,,,False
Rule,reference,RQ1a,base,300,0.06666666666666667,0.04,0.09666666666666666,0.5575,0.5341666666666667,0.5808333333333333,1.0,1.0,1.0,0.0,0.0,0.0,0.0,0.0,0.0,0.5367741935483871,0.5144356955380578,0.5576923076923077,,,,,,,,,,,,,,1.7791520804166794e-05,1.631304621696472e-05,1.8541701138019562e-05,3.367974422872067e-05,3.054095432162285e-05,3.5685393959283844e-05,4.0048873052000994e-05,0.0,,,False
Jev-1.13.0,main,RQ1a,pad_512,300,0.9233333333333333,0.89,0.9533333333333334,0.9808333333333333,0.9725,0.9883333333333333,1.0,1.0,1.0,0.0,0.0,0.0,0.047058823529411764,0.028169014084507043,0.06807511737089202,0.003870967741935484,0.0,0.009009009009009009,,,,,,,,,,,,,,0.27574545750394464,0.2692887079901993,0.2812783960253,0.35929802837781616,0.34591467254795133,0.39325103741139195,0.5046284344233571,181.0,6.080186e-05,0.06585038989169675,False
DeepSeek-V4.1-Flash,main,RQ1a,pad_512,300,0.9733333333333334,0.9533333333333334,0.99,0.9925,0.9866666666666667,0.9975,1.0,1.0,1.0,0.0,0.0,0.0,0.01411764705882353,0.004618937644341801,0.026128266033254157,0.003870967741935484,0.0,0.010403120936280884,,,,,,,,,,,,,,0.5027453540824354,0.485253416467458,0.5189682086929679,0.8828399075660855,0.7429597020149232,1.010948619106785,2.113173612253732,25.0,0.00024663208,0.2533891232876712,False
GLM-5.3-Flash,main,RQ1a,pad_512,300,0.9733333333333334,0.9533333333333334,0.99,0.9925,0.9866666666666667,0.9975,1.0,1.0,1.0,0.0,0.0,0.0,0.004705882352941176,0.0,0.011961722488038277,0.0064516129032258064,0.0012903225806451613,0.01285388399784286,,,,,,,,,,,,,,0.72001281240955,0.7018997501581907,0.746346415951848,2.468936651898549,1.9867965876590468,3.1447766378056263,9.620493060201389,26.0,0.00011152693333333334,0.11458246575342466,False
Qwen3.8-Flash,main,RQ1a,pad_512,300,0.9633333333333334,0.94,0.9833333333333333,0.9883333333333333,0.9791666666666666,0.995,0.9966666666666667,0.99,1.0,0.0,0.0,0.0,0.023529411764705882,0.009732360097323601,0.0387243735763098,0.003870967741935484,0.0,0.011811023622047244,,,,,,,,,,,,,,1.6431969576515257,1.5721510001458228,1.7572058136574924,4.56623225398362,3.657691459171474,5.463283841451631,7.140237591639161,36.0,0.00014132955852842809,0.14621985467128026,False
SemIf-Qwen3.5-4B,main,RQ1a,pad_512,300,0.43,0.37333333333333335,0.4866666666666667,0.805,0.7808333333333334,0.8283333333333334,1.0,1.0,1.0,0.0,0.0,0.0,0.13176470588235295,0.10114942528735632,0.1642512077294686,0.1329032258064516,0.10997442455242967,0.15686337034813924,,,,,,,,,,,,,,0.12980338372290134,0.1297603389248252,0.12981699942611158,0.23089541827794166,0.22380671727005394,0.24447758225724117,0.2898494451213628,0.0,,,False
Laya,main,RQ1a,pad_512,300,0.01,0.0,0.023333333333333334,0.525,0.5008333333333334,0.5491666666666667,1.0,1.0,1.0,0.2966666666666667,0.24666666666666667,0.35,0.9270588235294117,0.9009211400340433,0.9515748262126065,0.003870967741935484,0.0,0.008939974457215836,,,,,,,,,,,,,,0.061804974684491754,0.06179437390528619,0.06181624345481396,0.1498728015460074,0.0637225117534399,0.16093027298338716,0.19087235589046028,0.0,,,False
Qwen3.5-4B-JSON,reference,RQ1a,pad_512,300,0.41333333333333333,0.3566666666666667,0.4666666666666667,0.8175,0.7966666666666666,0.8375,1.0,1.0,1.0,0.0,0.0,0.0,0.3552941176470588,0.3063437022445384,0.40669856459330145,0.02838709677419355,0.015384122919334189,0.0430390488151502,,,,,,,,,,,,,,0.7683248275425285,0.7648837491869926,0.7838222752325237,0.871929751848802,0.8588298270478845,0.9252287493320183,1.2182698958925897,30.0,,,False
Rule,reference,RQ1a,pad_512,300,0.06666666666666667,0.04,0.09666666666666666,0.5575,0.5341666666666667,0.5816666666666667,1.0,1.0,1.0,0.0,0.0,0.0,0.0,0.0,0.0,0.5367741935483871,0.5142477842042549,0.5578144853875476,,,,,,,,,,,,,,8.683232590556145e-05,8.297944441437721e-05,9.429082274436951e-05,0.0001242817845195532,0.00012121303007006645,0.00012724963016808036,0.00013516773469746113,0.0,,,False
Jev-1.13.0,main,RQ1a,pad_2048,300,0.9166666666666666,0.8833333333333333,0.9466666666666667,0.9791666666666666,0.9708333333333333,0.9866666666666667,1.0,1.0,1.0,0.0,0.0,0.0,0.05176470588235294,0.03189066059225513,0.07371255996255993,0.003870967741935484,0.0,0.009009009009009009,,,,,,,,,,,,,,0.2858654372394085,0.28024264611303806,0.2928551249206066,0.4037150750868023,0.3744769813958556,0.4574620222672821,0.5215976910386231,181.0,0.00014717892000000002,0.16055882181818182,False
DeepSeek-V4.1-Flash,main,RQ1a,pad_2048,300,0.9733333333333334,0.9533333333333334,0.99,0.9925,0.9866666666666667,0.9975,1.0,1.0,1.0,0.0,0.0,0.0,0.01647058823529412,0.004914004914004914,0.029197080291970802,0.0025806451612903226,0.0,0.007853403141361256,,,,,,,,,,,,,,0.5573098747991025,0.5386373749934137,0.5751649159938097,1.0755751072894806,0.8999528491403911,2.6132915522437576,19.19835889374837,25.0,0.00073335912,0.7534511506849316,False
GLM-5.3-Flash,main,RQ1a,pad_2048,300,0.97,0.95,0.9866666666666667,0.9916666666666667,0.9858333333333333,0.9966666666666667,1.0,1.0,1.0,0.0,0.0,0.0,0.007058823529411765,0.0,0.01639344262295082,0.0064516129032258064,0.0012919896640826874,0.012804097311139564,,,,,,,,,,,,,,0.6891215215437114,0.6633662711828947,0.7154831667430699,2.518382868962363,2.1690804899670186,2.7930373748764397,3.176850279252974,26.0,0.0003533042,0.3642311340206186,False
Qwen3.8-Flash,main,RQ1a,pad_2048,300,0.97,0.95,0.9866666666666667,0.9925,0.9875,0.9966666666666667,1.0,1.0,1.0,0.0,0.0,0.0,0.021176470588235293,0.009195402298850575,0.03546099290780142,0.0,0.0,0.0,,,,,,,,,,,,,,1.5937214996665716,1.5679313750006258,1.642941104248166,2.407861214177683,2.1839057743444577,2.8415293853264356,4.261394543331112,40.0,0.00043901146,0.45258913402061857,False
SemIf-Qwen3.5-4B,main,RQ1a,pad_2048,300,0.44,0.38333333333333336,0.49666666666666665,0.8191666666666667,0.7966666666666666,0.84,1.0,1.0,1.0,0.0033333333333333335,0.0,0.01,0.12941176470588237,0.09927360774818401,0.16037735849056603,0.1406451612903226,0.11670977011494253,0.16454161752640753,,,,,,,,,,,,,,0.209820645628497,0.20980631303973496,0.2107155448757112,0.3340754085220397,0.3152226167032496,0.3466852661687881,0.3587873250199482,0.0,,,False
Laya,main,RQ1a,pad_2048,300,0.013333333333333334,0.0033333333333333335,0.02666666666666667,0.38,0.3516666666666667,0.4083333333333333,1.0,1.0,1.0,0.20333333333333334,0.15666666666666668,0.25,0.7529411764705882,0.7136361011967247,0.7915690866510539,0.1329032258064516,0.11025641025641025,0.15569697636153332,,,,,,,,,,,,,,0.07282136520370841,0.07281812094151974,0.07282543182373047,0.073823189153336,0.0738070379011333,0.07471188749186694,0.07473769154399633,0.0,,,False
Qwen3.5-4B-JSON,reference,RQ1a,pad_2048,300,0.2966666666666667,0.24666666666666667,0.35,0.765,0.7433333333333333,0.7866666666666666,1.0,1.0,1.0,0.006666666666666667,0.0,0.016666666666666666,0.3976470588235294,0.34651162790697676,0.4515366430260047,0.03354838709677419,0.019455252918287938,0.04887786918830511,,,,,,,,,,,,,,0.8567542501259595,0.8548499350436032,0.8588015330024064,0.9808740254025908,0.925897458428517,1.067735396442004,1.5449907847586979,31.0,,,False
Rule,reference,RQ1a,pad_2048,300,0.06666666666666667,0.04,0.09666666666666666,0.5575,0.5333333333333333,0.5816666666666667,1.0,1.0,1.0,0.0,0.0,0.0,0.0,0.0,0.0,0.5367741935483871,0.5144736842105263,0.5579345088161209,,,,,,,,,,,,,,0.00032733334228396416,0.00031300028786063194,0.00035597942769527435,0.0004352475516498089,0.0004305587150156498,0.00044404198415577413,0.000456427168101072,0.0,,,False
Jev-1.13.0,main,RQ1a,pad_8192,300,0.91,0.8766666666666667,0.94,0.9766666666666667,0.9675,0.985,1.0,1.0,1.0,0.0,0.0,0.0,0.05176470588235294,0.032036613272311214,0.07363420427553444,0.007741935483870968,0.0012953367875647669,0.015625,,,,,,,,,,,,,,0.34295512503013015,0.3358763325959444,0.35096179135143757,0.525236012833193,0.4894978715106845,0.6266791109927001,0.8387488843966265,181.0,0.0004929201199999999,0.5416704615384614,False
DeepSeek-V4.1-Flash,main,RQ1a,pad_8192,300,0.9766666666666667,0.9566666666666667,0.9933333333333333,0.9933333333333333,0.9875,0.9975,1.0,1.0,1.0,0.0,0.0,0.0,0.011764705882352941,0.002369668246445498,0.02320185614849188,0.0025806451612903226,0.0,0.007863695937090432,,,,,,,,,,,,,,0.5187317705713212,0.5093981875106692,0.5263927290216088,0.7853947700466962,0.7103994183707982,0.8938375016208742,1.2316094035748377,25.0,0.0026888464,2.7530850511945393,False
GLM-5.3-Flash,main,RQ1a,pad_8192,300,0.95,0.9233333333333333,0.9733333333333334,0.9808333333333333,0.9683333333333334,0.9908333333333333,0.9933333333333333,0.9833333333333333,1.0,0.0,0.0,0.0,0.009411764705882352,0.0022624434389140274,0.01927710843373494,0.014193548387096775,0.00517464424320828,0.02577319587628866,,,,,,,,,,,,,,1.1067344578914344,1.0765339583158493,1.1739157093688846,5.6309771153610235,4.312877822585874,8.449838543729896,29.707785042114555,26.0,0.001323381577181208,1.383746350877193,False
Qwen3.8-Flash,main,RQ1a,pad_8192,300,0.7633333333333333,0.7133333333333334,0.81,0.9091666666666667,0.8891666666666667,0.9283333333333333,1.0,1.0,1.0,0.0,0.0,0.0,0.011764705882352941,0.002380952380952381,0.02336448598130841,0.13161290322580646,0.10259488540368962,0.1620619716611592,,,,,,,,,,,,,,2.3641471876762807,2.2891520839184523,2.426155500113964,4.7906758223660315,4.020217458857226,6.281613122904674,8.87013876095414,38.0,0.0016363464266666667,2.1436852751091706,False
SemIf-Qwen3.5-4B,main,RQ1a,pad_8192,300,0.47333333333333333,0.4166666666666667,0.53,0.8233333333333334,0.8,0.845,1.0,1.0,1.0,0.0033333333333333335,0.0,0.01,0.12470588235294118,0.09567198177676538,0.1558139534883721,0.14838709677419354,0.12371134020618557,0.1739144038744082,,,,,,,,,,,,,,0.6016814755275846,0.6007715894374996,0.6017741172108799,0.7178534356877208,0.6907587791094557,0.7288840683642775,0.7477916256152093,0.0,,,False
Laya,main,RQ1a,pad_8192,300,0.023333333333333334,0.006666666666666667,0.043333333333333335,0.395,0.36583333333333334,0.42333333333333334,1.0,1.0,1.0,0.18666666666666668,0.14333333333333334,0.23,0.731764705882353,0.6893418532461528,0.7734004238482263,0.1393548387096774,0.11624763172501523,0.16321243523316062,,,,,,,,,,,,,,0.09276935225352645,0.09276274242438376,0.09277363237924874,0.0937382138101384,0.09371055520605295,0.09376718134153635,0.09471042508259415,0.0,,,False
Qwen3.5-4B-JSON,reference,RQ1a,pad_8192,300,0.21666666666666667,0.17,0.26666666666666666,0.7141666666666666,0.6916666666666667,0.7366666666666667,1.0,1.0,1.0,0.0,0.0,0.0,0.4682352941176471,0.4131417273945296,0.5215311004784688,0.04774193548387097,0.03125,0.06615799906605292,,,,,,,,,,,,,,1.1397573698777705,1.1366939407307655,1.1417209510691464,1.2060034396126866,1.1936309073586018,1.2817443971522153,1.8591211849544194,31.0,,,False
Rule,reference,RQ1a,pad_8192,300,0.06666666666666667,0.04,0.09666666666666666,0.5575,0.5341666666666667,0.5816666666666667,1.0,1.0,1.0,0.0,0.0,0.0,0.0,0.0,0.0,0.5367741935483871,0.5148377548054968,0.5578406169665809,,,,,,,,,,,,,,0.001279978547245264,0.0010311873629689217,0.0013426877558231354,0.0017017414793372154,0.0016952564008533954,0.0017130187712609767,0.00175219121389091,0.0,,,False
Jev-1.13.0,main,RQ1a,pad_16384,300,0.9133333333333333,0.88,0.9433333333333334,0.9775,0.9683333333333334,0.9858333333333333,1.0,1.0,1.0,0.0,0.0,0.0,0.05176470588235294,0.031862745098039214,0.07381157635467978,0.0064516129032258064,0.0012706480304955528,0.014138817480719794,,,,,,,,,,,,,,0.4182151253335178,0.41214783350005746,0.4225102080963552,0.5233714391477406,0.5160250599961728,0.550972248101607,1.1984245968703042,181.0,0.0009538817399999999,1.0443960656934306,False
DeepSeek-V4.1-Flash,main,RQ1a,pad_16384,300,0.9733333333333334,0.9533333333333334,0.99,0.9933333333333333,0.9883333333333333,0.9975,1.0,1.0,1.0,0.0,0.0,0.0,0.01647058823529412,0.004784688995215311,0.02926829268292683,0.0012903225806451613,0.0,0.003931847968545216,,,,,,,,,,,,,,0.6383049380965531,0.6241755040828139,0.6585638751275837,1.0226457979995758,0.9332519508432601,1.0474512530025095,1.1833075268007813,25.0,0.00530956764,5.455035246575342,False
GLM-5.3-Flash,main,RQ1a,pad_16384,300,0.94,0.9133333333333333,0.9666666666666667,0.9683333333333334,0.95,0.9841666666666666,0.98,0.9633333333333334,0.9933333333333333,0.0,0.0,0.0,0.007058823529411765,0.0,0.01639344262295082,0.03225806451612903,0.016351687683701526,0.05138339920948617,,,,,,,,,,,,,,1.5883401255123317,1.5154911875724792,1.6445211046375334,3.9388755144551397,3.110552219906825,5.03840342294425,12.753789555560752,26.0,0.0026155818707482995,2.7268832269503545,False
Qwen3.8-Flash,main,RQ1a,pad_16384,300,0.96,0.9366666666666666,0.98,0.99,0.9841666666666666,0.995,1.0,1.0,1.0,0.0,0.0,0.0,0.02823529411764706,0.013953488372093023,0.04488851747699309,0.0,0.0,0.0,,,,,,,,,,,,,,2.9204831458628178,2.844692667014897,2.966464915778488,4.273982024611906,4.058402331452817,4.6680976043455304,5.399593635294584,38.0,0.003237829213333333,3.372738763888889,False
SemIf-Qwen3.5-4B,main,RQ1a,pad_16384,300,0.48333333333333334,0.4266666666666667,0.54,0.8291666666666667,0.8066666666666666,0.8508333333333333,1.0,1.0,1.0,0.0033333333333333335,0.0,0.01,0.09411764705882353,0.06744186046511629,0.12189753895281615,0.15483870967741936,0.1296528074929872,0.18124207858048164,,,,,,,,,,,,,,1.1586490897461772,1.1576321623288095,1.1606345381587744,1.237693425011821,1.2228296293178573,1.2468752866378054,1.2881609836546704,0.0,,,False
Laya,main,RQ1a,pad_16384,300,0.016666666666666666,0.0033333333333333335,0.03333333333333333,0.39166666666666666,0.3641666666666667,0.42,1.0,1.0,1.0,0.22666666666666666,0.18,0.2733333333333333,0.7247058823529412,0.6830985915492958,0.7653793888932526,0.12258064516129032,0.1,0.1448722509702458,,,,,,,,,,,,,,0.13676241203211248,0.13674040511250496,0.13765733852051198,0.1395930411759764,0.13872496783733368,0.1397137593012303,0.14167240591719746,0.0,,,False
Qwen3.5-4B-JSON,reference,RQ1a,pad_16384,300,0.18,0.13666666666666666,0.22666666666666666,0.6941666666666667,0.6708333333333333,0.7175,1.0,1.0,1.0,0.0033333333333333335,0.0,0.01,0.48470588235294115,0.4298845373693244,0.5421686746987951,0.06709677419354838,0.04621309370988447,0.08997429305912596,,,,,,,,,,,,,,1.5496886828914285,1.548604185692966,1.5516970364842564,1.6187422705581411,1.6004719134652987,1.6679636391345416,2.3836606425885036,31.0,,,False
Rule,reference,RQ1a,pad_16384,300,0.06666666666666667,0.04,0.09666666666666666,0.5575,0.5341666666666667,0.5808333333333333,1.0,1.0,1.0,0.0,0.0,0.0,0.0,0.0,0.0,0.5367741935483871,0.5136540962288687,0.5578151386770235,,,,,,,,,,,,,,0.002521708607673645,0.0023611458018422127,0.0027692499570548534,0.003756220359355211,0.003589600138366223,0.006537567032501103,0.010645379284396758,0.0,,,False
Jev-1.13.0,main,RQ1b,k1,300,0.9533333333333334,0.9299166666666668,0.9766666666666667,0.9883333333333333,0.9824791666666667,0.9941666666666666,1.0,1.0,1.0,0.0,0.0,0.0,0.03058823529411765,0.016055045871559634,0.0477326968973747,0.0012903225806451613,0.0,0.003926701570680628,0.9533333333333334,0.9299166666666668,0.9766666666666667,0.9533333333333334,,,,,,,,,,0.27211591647937894,0.2647744584828615,0.27663627127185464,0.37190650654956703,0.35225995164364576,0.38719932907260957,0.42747364290058587,181.0,3.44778e-05,0.03616552447552448,False
DeepSeek-V4.1-Flash,main,RQ1b,k1,300,0.9866666666666667,0.9733333333333334,0.9966666666666667,0.9966666666666667,0.9933333333333333,0.9991666666666666,1.0,1.0,1.0,0.0,0.0,0.0,0.009411764705882352,0.00228310502283105,0.01937046004842615,0.0,0.0,0.0,0.9866666666666667,0.9733333333333334,0.9966666666666667,0.9866666666666667,,,,,,,,,,0.37898322846740484,0.37432249034754933,0.3885498126037419,0.5515643463935705,0.523890970647335,0.6482623244635777,8.367791087189673,26.0,0.00010984900000000001,0.11133344594594592,False
GLM-5.3-Flash,main,RQ1b,k1,300,0.9833333333333333,0.9666666666666667,0.9966666666666667,0.9958333333333333,0.9916666666666667,0.9991666666666666,1.0,1.0,1.0,0.0,0.0,0.0,0.007058823529411765,0.0,0.01639344262295082,0.0025806451612903226,0.0,0.006493506493506494,0.9833333333333333,0.9666666666666667,0.9966666666666667,0.9833333333333333,,,,,,,,,,0.5828418750315905,0.5671297088265419,0.6007453752681613,0.8166815232019872,0.7916530852671713,0.9669971641618761,1.4044598468113674,34.0,3.93025e-05,0.039968644067796606,False
Qwen3.8-Flash,main,RQ1b,k1,300,0.9666666666666667,0.9433333333333334,0.9866666666666667,0.9916666666666667,0.9858333333333333,0.9966666666666667,1.0,1.0,1.0,0.0,0.0,0.0,0.023529411764705882,0.00963855421686747,0.038834951456310676,0.0,0.0,0.0,0.9666666666666667,0.9433333333333334,0.9866666666666667,0.9666666666666667,,,,,,,,,,1.302290374878794,1.263946020975709,1.335807021241635,2.2214695476926862,1.8209276827983558,2.553023129468784,4.193768239375197,30.0,5.236206666666668e-05,0.054167655172413794,False
SemIf-Qwen3.5-4B,main,RQ1b,k1,300,0.5933333333333334,0.5366666666666666,0.65,0.895,0.88,0.91,1.0,1.0,1.0,0.006666666666666667,0.0,0.016666666666666666,0.2635294117647059,0.22488038277511962,0.3044520438577815,0.011612903225806452,0.005089058524173028,0.019506486711638484,0.5933333333333334,0.5366666666666666,0.65,0.5933333333333334,,,,,,,,,,0.12079500895924866,0.1207674175966531,0.12080783885903656,0.1209186638938263,0.12085918458178639,0.12206584389787173,0.21884060556534676,0.0,,,False
Laya,main,RQ1b,k1,300,0.08,0.05,0.11333333333333333,0.6658333333333334,0.645,0.6858333333333333,1.0,1.0,1.0,0.15666666666666668,0.11666666666666667,0.2,0.8047058823529412,0.7711670480549199,0.8384074941451991,0.003870967741935484,0.0,0.008928571428571428,0.08,0.05,0.11333333333333333,0.08,,,,,,,,,,0.05482640047557652,0.05482502025552094,0.054827913641929626,0.05580623080022633,0.0549682548432611,0.06286117422860117,0.21485204127617177,0.0,,,False
Qwen3.5-4B-JSON,reference,RQ1b,k1,300,0.43333333333333335,0.37666666666666665,0.49,0.8433333333333334,0.8258333333333333,0.86,1.0,1.0,1.0,0.0,0.0,0.0,0.31529411764705884,0.27122641509433965,0.3621146259171323,0.007741935483870968,0.002551020408163265,0.014322916666666666,0.43333333333333335,0.37666666666666665,0.49,0.43333333333333335,,,,,,,,,,0.7648202294949442,0.7473434619605541,0.7658547211904079,0.7937883588019761,0.791792728449218,0.8139069378376007,0.8400064536370336,30.0,,,False
Rule,reference,RQ1b,k1,300,0.06666666666666667,0.04,0.09666666666666666,0.5575,0.5341666666666667,0.5808333333333333,1.0,1.0,1.0,0.0,0.0,0.0,0.0,0.0,0.0,0.5367741935483871,0.5147995648316572,0.5578144853875476,0.06666666666666667,0.04,0.09666666666666666,0.06666666666666667,,,,,,,,,,1.8001068383455276e-05,1.708371564745903e-05,1.9354280084371567e-05,3.521069884300232e-05,3.370949998497963e-05,3.7510087713599206e-05,3.944815136492238e-05,0.0,,,False
Jev-1.13.0,main,RQ1b,k2,300,0.8966666666666666,0.86,0.93,0.9741666666666666,0.965,0.9825,1.0,1.0,1.0,0.0,0.0,0.0,0.03411764705882353,0.022754491017964073,0.04626416897324369,0.0012903225806451613,0.0,0.0032530904359141183,0.9483333333333334,0.93,0.965,0.8966666666666666,,,,,,,,,,0.27605185471475124,0.2705175830051303,0.28257002076134086,0.3587482602335513,0.33950977446511393,0.3756748415529728,0.4097940584830929,359.0,5.976446000000001e-05,0.06665181412639405,False
DeepSeek-V4.1-Flash,main,RQ1b,k2,300,0.9633333333333334,0.94,0.9833333333333333,0.9908333333333333,0.985,0.9958333333333333,1.0,1.0,1.0,0.0,0.0,0.0,0.012941176470588235,0.005868544600938967,0.020882276853925307,0.0,0.0,0.0,0.9816666666666667,0.97,0.9916666666666667,0.9633333333333334,,,,,,,,,,0.412781729362905,0.4094404582865536,0.4195311455987394,0.6259434706531466,0.5362783166579903,0.7159004564862702,0.9353970268461853,54.0,0.000169215,0.17565570934256053,False
GLM-5.3-Flash,main,RQ1b,k2,300,0.92,0.8866666666666667,0.95,0.945,0.92,0.9675,0.9533333333333334,0.93,0.9766666666666667,0.0,0.0,0.0,0.0035294117647058825,0.0,0.008168028004667444,0.04903225806451613,0.02739681377364219,0.07289035558122267,0.9366666666666666,0.91,0.96,0.92,,,,,,,,,,0.9660962913185358,0.9310462502762675,0.9927263953723013,4.236648545460777,3.2653559983707985,4.6876623114571,5.55485445898026,72.0,6.932132867132866e-05,0.07183297101449275,False
Qwen3.8-Flash,main,RQ1b,k2,300,0.9033333333333333,0.87,0.9366666666666666,0.975,0.9658333333333333,0.9833333333333333,1.0,1.0,1.0,0.0033333333333333335,0.0,0.01,0.03176470588235294,0.020580491639608726,0.04408352668213457,0.0,0.0,0.0,0.9516666666666667,0.935,0.9683333333333334,0.9033333333333333,,,,,,,,,,1.796267228666693,1.752974041737616,1.8794280420988798,2.952385429153219,2.6831771937198936,3.276116139162332,4.743850472141055,76.0,8.282049999999999e-05,0.09168321033210332,False
SemIf-Qwen3.5-4B,main,RQ1b,k2,300,0.2833333333333333,0.23333333333333334,0.3333333333333333,0.7766666666666666,0.7575,0.7958333333333333,1.0,1.0,1.0,0.02666666666666667,0.01,0.04666666666666667,0.32941176470588235,0.2984719313223165,0.3605774769585253,0.017419354838709676,0.011421138736082454,0.023979261179520414,0.5133333333333333,0.4716666666666667,0.555,0.2833333333333333,,,,,,,,,,0.13672206178307533,0.1358227590098977,0.1367720551788807,0.3120718936203048,0.28278957079164685,0.3277261008042842,0.346873451755382,0.0,,,False
Laya,main,RQ1b,k2,300,0.0,0.0,0.0,0.21166666666666667,0.18916666666666668,0.23416666666666666,1.0,1.0,1.0,0.44,0.38666666666666666,0.49666666666666665,0.9211764705882353,0.8980521277570053,0.9433740622868834,0.003870967741935484,0.0012787723785166241,0.007152261976576055,0.018333333333333333,0.008333333333333333,0.03,0.0,,,,,,,,,,0.056797893485054374,0.056795647367835045,0.05680518224835396,0.2068774020066485,0.1870529542211444,0.21967643026728184,0.2306707081850618,0.0,,,False
Qwen3.5-4B-JSON,reference,RQ1b,k2,300,0.22333333333333333,0.17666666666666667,0.2733333333333333,0.69,0.6633333333333333,0.7166666666666667,1.0,1.0,1.0,0.10666666666666667,0.07333333333333333,0.14333333333333334,0.42470588235294116,0.38181706224809675,0.4683419894213035,0.008387096774193548,0.0038859474822677195,0.013427109974424553,0.4116666666666667,0.36833333333333335,0.455,0.22333333333333333,,,,,,,,,,1.1733016532380134,1.170339645119384,1.1763385366648436,1.2772716424427926,1.2592941421084105,1.2982070163358004,1.7770960864005492,48.0,,,False
Rule,reference,RQ1b,k2,300,0.013333333333333334,0.0033333333333333335,0.02666666666666667,0.31916666666666665,0.29583333333333334,0.3425,1.0,1.0,1.0,0.0,0.0,0.0,0.0,0.0,0.0,0.5367741935483871,0.5200752263884931,0.5521916860923238,0.06666666666666667,0.04666666666666667,0.08833333333333333,0.013333333333333334,,,,,,,,,,3.939541056752205e-05,3.791693598031998e-05,4.0312763303518295e-05,5.7633407413959525e-05,5.636629648506642e-05,6.542028859257698e-05,7.158830761909485e-05,0.0,,,False
Jev-1.13.0,main,RQ1b,k4,300,0.85,0.81,0.89,0.9575,0.945,0.9691666666666666,1.0,1.0,1.0,0.0,0.0,0.0,0.02823529411764706,0.020231084923988955,0.03699287458440824,0.0012903225806451613,0.0003204101249599487,0.002588159171789065,0.9566666666666667,0.9441666666666667,0.9683333333333334,0.85,,,,,,,,,,0.278417291585356,0.27435379195958376,0.28621412441134453,0.3581843669526279,0.3471450404729694,0.37403381890617315,0.5734157859068357,715.0,0.00010865778,0.12783268235294115,False
DeepSeek-V4.1-Flash,main,RQ1b,k4,300,0.94,0.9133333333333333,0.9666666666666667,0.9841666666666666,0.9766666666666667,0.9908333333333333,1.0,1.0,1.0,0.0,0.0,0.0,0.009411764705882352,0.005253940455341506,0.014109347442680775,0.000967741935483871,0.0,0.0025864856126737797,0.985,0.9783333333333334,0.9916666666666667,0.94,,,,,,,,,,0.5018830420449376,0.49339264538139105,0.508224458899349,0.6866454776376486,0.6300922581460328,0.7409640599042178,0.8577581080421798,101.0,0.000250887,0.2669010638297873,False
GLM-5.3-Flash,main,RQ1b,k4,300,0.9333333333333333,0.9033333333333333,0.96,0.9833333333333333,0.9758333333333333,0.99,1.0,1.0,1.0,0.0,0.0,0.0,0.00411764705882353,0.0011897503114122235,0.007545089224625766,0.004516129032258065,0.002257336343115124,0.007161516632408009,0.9825,0.9741666666666666,0.99,0.9333333333333333,,,,,,,,,,1.139562957920134,1.086184083018452,1.1797254588454962,2.1133888754528023,1.8127761863009073,2.5026061865966804,4.407398174870757,137.0,0.00011261349999999998,0.12065732142857144,False
Qwen3.8-Flash,main,RQ1b,k4,300,0.9266666666666666,0.8966666666666666,0.9533333333333334,0.9808333333333333,0.9725,0.9883333333333333,1.0,1.0,1.0,0.0,0.0,0.0,0.012941176470588235,0.007125785010960198,0.01955005274513494,0.000967741935483871,0.0,0.0022486347574686796,0.9791666666666666,0.9691666666666666,0.9875,0.9266666666666666,,,,,,,,,,2.54043454118073,2.4494042079895735,2.5973452921025455,3.445365547249094,3.2820454575121403,3.58099390459247,3.872767951926213,140.0,0.00012653046666666668,0.1365436690647482,False
SemIf-Qwen3.5-4B,main,RQ1b,k4,300,0.04666666666666667,0.023333333333333334,0.07333333333333333,0.5508333333333333,0.5275,0.5741666666666667,1.0,1.0,1.0,0.2,0.15666666666666668,0.24666666666666667,0.4429411764705882,0.4150496834481441,0.4710060232654375,0.013870967741935483,0.009942270686337396,0.018140589569160998,0.4008333333333333,0.36916666666666664,0.43333333333333335,0.04666666666666667,,,,,,,,,,0.19767095590941608,0.19673296343535185,0.19869974884204566,0.3296760341851041,0.31478219118434936,0.3367725367192179,0.4607353764399868,0.0,,,False
Laya,main,RQ1b,k4,300,0.0,0.0,0.0,0.023333333333333334,0.015833333333333335,0.03166666666666667,1.0,1.0,1.0,0.5466666666666666,0.49,0.6033333333333334,0.99,0.9821939195946305,0.9964328710621639,0.0016129032258064516,0.00032051025312399874,0.0035495321071313327,0.0016666666666666668,0.0,0.004166666666666667,0.0,,,,,,,,,,0.07469826890155673,0.07373784249648452,0.07476189732551575,0.1970009717624635,0.17790250354446474,0.21871377066709102,0.2348210733244195,0.0,,,False
Qwen3.5-4B-JSON,reference,RQ1b,k4,300,0.05333333333333334,0.03,0.08,0.5275,0.5,0.555,1.0,1.0,1.0,0.2633333333333333,0.21333333333333335,0.31333333333333335,0.48176470588235293,0.44579427608568,0.518088870009442,0.006129032258064516,0.0035598705501618125,0.00877492330984408,0.4041666666666667,0.36833333333333335,0.44,0.05333333333333334,,,,,,,,,,2.162252739071846,2.155185897165211,2.1712731877341866,2.286191171896644,2.256495821545832,3.100642830110155,3.54444832972716,91.0,,,False
Rule,reference,RQ1b,k4,300,0.0,0.0,0.0,0.10833333333333334,0.09164583333333334,0.12583333333333332,1.0,1.0,1.0,0.0,0.0,0.0,0.0,0.0,0.0,0.5367741935483871,0.5259418629609263,0.5475655048653608,0.06666666666666667,0.05414583333333335,0.08,0.0,,,,,,,,,,7.289601489901543e-05,7.025059312582016e-05,7.466692477464676e-05,0.00010231030173599722,9.85630787909031e-05,0.00010538166388869285,0.00011051390320062633,0.0,,,False
Jev-1.13.0,main,RQ1b,k8,300,0.7166666666666667,0.6666666666666666,0.7666666666666667,0.9233333333333333,0.9091666666666667,0.9375,1.0,1.0,1.0,0.0,0.0,0.0,0.028823529411764706,0.02318648565646384,0.034924424582273086,0.0016129032258064516,0.000642570281124498,0.0027633402299181054,0.9554166666666667,0.94625,0.9641666666666666,0.7166666666666667,,,,,,,,,,0.290478500071913,0.2857058118097484,0.29503791677998376,0.37523895772174004,0.36561948955059054,0.4135140527971091,0.4700288468599319,1427.0,0.00020644442,0.28806198139534883,False
DeepSeek-V4.1-Flash,main,RQ1b,k8,300,0.8866666666666667,0.85,0.92,0.97,0.96,0.9791666666666666,1.0,1.0,1.0,0.0,0.0,0.0,0.009411764705882352,0.006369288566169629,0.01280524988195618,0.0006451612903225806,0.0,0.0014655712916203695,0.9854166666666667,0.9804166666666667,0.99,0.8866666666666667,,,,,,,,,,0.8186755627393723,0.7999894171953201,0.8561396254226565,1.7201729062944686,1.3264231028966609,2.939995931787419,5.270550801130006,196.0,0.00041723899999999997,0.47057030075187967,False
GLM-5.3-Flash,main,RQ1b,k8,300,0.8666666666666667,0.8266666666666667,0.9033333333333333,0.9658333333333333,0.9558333333333333,0.975,1.0,1.0,1.0,0.0,0.0,0.0,0.006176470588235294,0.0038022813688212928,0.008789985295173374,0.0032258064516129032,0.0019221451151490824,0.004703249308605122,0.9833333333333333,0.9783333333333334,0.9879166666666667,0.8666666666666667,,,,,,,,,,1.5596637916751206,1.4843122917227447,1.6171798119321465,2.8843576561659576,2.614183540455997,3.5577967561781456,5.617785846451295,262.0,0.0001961715,0.22635173076923076,False
Qwen3.8-Flash,main,RQ1b,k8,300,0.88,0.8433333333333334,0.9166666666666666,0.97,0.9608333333333333,0.9791666666666666,1.0,1.0,1.0,0.0,0.0,0.0,0.010294117647058823,0.007011342321459287,0.01374681011064216,0.0004838709677419355,0.0,0.001128668171557562,0.98375,0.9783333333333334,0.98875,0.88,,,,,,,,,,3.78468968719244,3.6608671247959137,3.8920122077688575,5.499233560962603,5.229661847744137,5.86775669665076,6.8230281942617115,215.0,0.00020135283333333335,0.22881003787878787,False
SemIf-Qwen3.5-4B,main,RQ1b,k8,300,0.0033333333333333335,0.0,0.01,0.2966666666666667,0.2816666666666667,0.31166666666666665,1.0,1.0,1.0,0.58,0.5233333333333333,0.6333333333333333,0.5629411764705883,0.5393575353054322,0.587265544287967,0.013387096774193549,0.01065203357004519,0.01627463856427574,0.30125,0.2775,0.325,0.0033333333333333335,,,,,,,,,,0.3481083866208792,0.34551254264079034,0.37858377979137003,0.7727158596040682,0.7117170276818797,0.9064938917523254,1.212453004815615,0.0,,,False
Laya,main,RQ1b,k8,300,0.0,0.0,0.0,0.0,0.0,0.0,1.0,1.0,1.0,0.52,0.4633333333333333,0.5766666666666667,1.0,1.0,1.0,0.0,0.0,0.0,0.0,0.0,0.0,0.0,,,,,,,,,,0.15160288126207888,0.1436339234933257,0.17268745228648186,0.22469733038451523,0.20863674907013774,0.23178785964846615,0.25159338095225386,0.0,,,False
Qwen3.5-4B-JSON,reference,RQ1b,k8,300,0.02,0.006666666666666667,0.03666666666666667,0.415,0.39,0.44083333333333335,1.0,1.0,1.0,0.33,0.27666666666666667,0.38333333333333336,0.5052941176470588,0.4706227956684331,0.5401212643444505,0.004354838709677419,0.00274858528698464,0.006108342710175213,0.4008333333333333,0.36625,0.4350104166666665,0.02,,,,,,,,,,4.173552266089246,4.162489453097805,4.190602632705122,6.142416651942767,6.09717748593539,6.200483889435418,7.100526472018094,178.0,,,False
Rule,reference,RQ1b,k8,300,0.0,0.0,0.0,0.0075,0.0033333333333333335,0.0125,1.0,1.0,1.0,0.0,0.0,0.0,0.0,0.0,0.0,0.5367741935483871,0.5293927112357053,0.5439418416801293,0.06666666666666667,0.0575,0.07625,0.0,,,,,,,,,,0.00014168722555041313,0.0001393323764204979,0.00014395825564861298,0.00018112524412572384,0.00017594043165445328,0.00018449295312166216,0.00019465125165879724,0.0,,,False
Jev-1.13.0,main,RQ2,clean,300,0.95,0.9233333333333333,0.9733333333333334,0.9875,0.9808333333333333,0.9933333333333333,1.0,1.0,1.0,0.0,0.0,0.0,0.03294117647058824,0.016706443914081145,0.05128205128205128,0.0012903225806451613,0.0,0.003937007874015748,,,,,,,,,,,,,,0.27288160426542163,0.2657865625806153,0.28140699956566095,0.36957821738906205,0.34516692114993935,0.3869184724520892,0.4377289637457578,181.0,3.43126e-05,0.036118526315789476,False
DeepSeek-V4.1-Flash,main,RQ2,clean,300,0.9866666666666667,0.9733333333333334,0.9966666666666667,0.9966666666666667,0.9933333333333333,0.9991666666666666,1.0,1.0,1.0,0.0,0.0,0.0,0.007058823529411765,0.0,0.016355140186915886,0.0012903225806451613,0.0,0.003926701570680628,,,,,,,,,,,,,,0.39790629176422954,0.38982124999165535,0.4114772086031735,0.6923746886663141,0.571308011002839,0.7689976504072551,1.280131855765357,26.0,0.00010512343999999998,0.10654402702702702,False
GLM-5.3-Flash,main,RQ2,clean,300,0.9933333333333333,0.9833333333333333,1.0,0.9983333333333333,0.9958333333333333,1.0,1.0,1.0,1.0,0.0,0.0,0.0,0.002352941176470588,0.0,0.007317073170731708,0.0012903225806451613,0.0,0.003931847968545216,,,,,,,,,,,,,,0.7060790830291808,0.6919072289019823,0.7443920210935175,2.940450127236546,2.6206512497738004,3.3317544121295217,3.9824609547108385,35.0,3.9447766666666665e-05,0.03971251677852349,False
Qwen3.8-Flash,main,RQ2,clean,300,0.96,0.9366666666666666,0.98,0.9875,0.9783333333333334,0.995,0.9966666666666667,0.99,1.0,0.0,0.0,0.0,0.02588235294117647,0.011848341232227487,0.04147690782283413,0.003870967741935484,0.0,0.011764705882352941,,,,,,,,,,,,,,1.5880621243268251,1.5524635412730277,1.647293624933809,3.449549885606394,3.0855346166994426,3.769920864794404,5.098619132768361,30.0,4.981870234113712e-05,0.0517215,False
SemIf-Qwen3.5-4B,main,RQ2,clean,300,0.64,0.5833333333333334,0.6933333333333334,0.9016666666666666,0.8858333333333334,0.9175,1.0,1.0,1.0,0.0033333333333333335,0.0,0.01,0.1952941176470588,0.1595238095238095,0.23165277466994852,0.03096774193548387,0.01918158567774936,0.04387096774193548,,,,,,,,,,,,,,0.12181729963049293,0.12181086232885718,0.12181929918006063,0.12279288908466697,0.12186287241056562,0.1228185755200684,0.12285370355471968,0.0,,,False
Laya,main,RQ2,clean,300,0.11,0.07666666666666666,0.14666666666666667,0.6708333333333333,0.6491666666666667,0.6916666666666667,1.0,1.0,1.0,0.13,0.09333333333333334,0.16666666666666666,0.7623529411764706,0.7276885317914351,0.7972672843686511,0.005161290322580645,0.0012706480304955528,0.010416666666666666,,,,,,,,,,,,,,0.05481988750398159,0.054819291923195124,0.05482084049726836,0.055759995128028095,0.05485818549059331,0.05580774629488587,0.05581755078397691,0.0,,,False
Qwen3.5-4B-JSON,reference,RQ2,clean,300,0.48,0.42333333333333334,0.5366666666666666,0.8541666666666666,0.8366666666666667,0.8716666666666667,1.0,1.0,1.0,0.0,0.0,0.0,0.30117647058823527,0.25635103926096997,0.3491282186457846,0.025806451612903226,0.014066047041838557,0.03924116906355622,,,,,,,,,,,,,,0.7638220267836004,0.7628378090448678,0.764820106793195,0.8108193574240431,0.808842905331403,0.8128083448391408,0.8328495587129146,30.0,,,False
Rule,reference,RQ2,clean,300,0.06666666666666667,0.04,0.09666666666666666,0.5575,0.5341666666666667,0.5808333333333333,1.0,1.0,1.0,0.0,0.0,0.0,0.0,0.0,0.0,0.5367741935483871,0.5143229166666666,0.5577190426842383,,,,,,,,,,,,,,1.7750076949596405e-05,1.650070771574974e-05,1.912470906972885e-05,3.4091016277670864e-05,3.238180652260781e-05,3.641704097390177e-05,4.440031945705408e-05,0.0,,,False
Jev-1.13.0,main,RQ2,codeswitch,300,0.92,0.89,0.95,0.98,0.9725,0.9875,1.0,1.0,1.0,0.0,0.0,0.0,0.04941176470588235,0.03051643192488263,0.0702576112412178,0.0025806451612903226,0.0,0.006493506493506494,,,,,,,,,,,,,,0.2779851038940251,0.2741617294959724,0.28512239595875144,0.36566137471236293,0.34754852931946517,0.38488387274555863,0.42307097091339485,181.0,3.439212000000001e-05,0.037382739130434786,False
DeepSeek-V4.1-Flash,main,RQ2,codeswitch,300,0.9833333333333333,0.9666666666666667,0.9966666666666667,0.9958333333333333,0.9916666666666667,0.9991666666666666,1.0,1.0,1.0,0.0,0.0,0.0,0.004705882352941176,0.0,0.011904761904761904,0.003870967741935484,0.0,0.008974358974358974,,,,,,,,,,,,,,0.49004025012254715,0.475384708493948,0.5139002939569763,1.2127696320414612,0.8315018060617155,2.4318467246368556,5.215110318446529,25.5,0.00010785899999999998,0.1096871186440678,False
GLM-5.3-Flash,main,RQ2,codeswitch,300,0.9633333333333334,0.94,0.9833333333333333,0.9908333333333333,0.985,0.9958333333333333,1.0,1.0,1.0,0.0033333333333333335,0.0,0.01,0.002352941176470588,0.0,0.007246376811594203,0.01032258064516129,0.003875968992248062,0.017903386372641793,,,,,,,,,,,,,,0.7286530630663037,0.6883674585260451,0.7502515208907425,3.114890930894762,2.617991874925792,3.3086655287537727,4.414503995431584,36.0,4.0810700000000006e-05,0.04236404844290657,False
Qwen3.8-Flash,main,RQ2,codeswitch,300,0.9633333333333334,0.94,0.9833333333333333,0.9908333333333333,0.985,0.9958333333333333,1.0,1.0,1.0,0.0,0.0,0.0,0.018823529411764704,0.007075471698113208,0.03271219549563349,0.0025806451612903226,0.0,0.006501950585175552,,,,,,,,,,,,,,1.4164268956519663,1.3749530417844653,1.4612180832773447,2.7259512877557435,2.3426873348187662,2.9367940687108796,4.170148400301107,31.0,5.367700000000001e-05,0.05572006920415224,False
SemIf-Qwen3.5-4B,main,RQ2,codeswitch,300,0.5233333333333333,0.4666666666666667,0.58,0.865,0.8466666666666667,0.8825,0.9966666666666667,0.99,1.0,0.0033333333333333335,0.0,0.01,0.16,0.12726836712448222,0.19399538106235567,0.07612903225806451,0.058431255522656454,0.09560863589621893,,,,,,,,,,,,,,0.12082207202911377,0.12081976002082229,0.12082336523453704,0.12182753900997341,0.1218189791077748,0.12183832190930843,0.12190875892527402,0.0,,,False
Laya,main,RQ2,codeswitch,300,0.06666666666666667,0.04,0.09666666666666666,0.605,0.5816666666666667,0.6266666666666667,1.0,1.0,1.0,0.12333333333333334,0.08666666666666667,0.16333333333333333,0.7717647058823529,0.7356308023872679,0.8081559509673814,0.014193548387096775,0.006476683937823834,0.02295918367346939,,,,,,,,,,,,,,0.05482272547669709,0.054821297992020845,0.05482383305206895,0.055815291963517664,0.0557262311456725,0.05582957286387682,0.15088878457900132,0.0,,,False
Qwen3.5-4B-JSON,reference,RQ2,codeswitch,300,0.5266666666666666,0.47,0.5833333333333334,0.8591666666666666,0.8408333333333333,0.8775,1.0,1.0,1.0,0.0,0.0,0.0,0.2376470588235294,0.1958997722095672,0.2826603325415677,0.027096774193548386,0.016414141414141416,0.03949044585987261,,,,,,,,,,,,,,0.7650999745819718,0.763867944246158,0.7678950187633744,0.8128777056932449,0.8107836534036323,0.8318102843826637,0.8557878878619521,30.0,,,False
Rule,reference,RQ2,codeswitch,300,0.01,0.0,0.023333333333333334,0.46166666666666667,0.44,0.48333333333333334,1.0,1.0,1.0,0.0,0.0,0.0,0.0,0.0,0.0,0.5935483870967742,0.5788079470198676,0.606826801517067,,,,,,,,,,,,,,1.8437393009662628e-05,1.7770566046237946e-05,1.9291415810585022e-05,3.0169403180480005e-05,2.852031029760838e-05,3.218939527869227e-05,3.95388342440128e-05,0.0,,,False
Jev-1.13.0,main,RQ2,colloquial,300,0.9366666666666666,0.9066666666666666,0.9633333333333334,0.9833333333333333,0.9758333333333333,0.9908333333333333,1.0,1.0,1.0,0.0,0.0,0.0,0.03294117647058824,0.016948129042823223,0.05069124423963134,0.007741935483870968,0.002557463098516102,0.014230271668822769,,,,,,,,,,,,,,0.26771704154089093,0.259784041903913,0.2733770841732621,0.37154804137535397,0.3560506164096296,0.39737203340046123,0.5130949493777006,181.0,3.4364259999999996e-05,0.03668782206405694,False
DeepSeek-V4.1-Flash,main,RQ2,colloquial,300,0.99,0.9766666666666667,1.0,0.9975,0.9941666666666666,1.0,1.0,1.0,1.0,0.0,0.0,0.0,0.004705882352941176,0.0,0.011904761904761904,0.0012903225806451613,0.0,0.003937007874015748,,,,,,,,,,,,,,0.3917657295241952,0.3854289371520281,0.40124210389330983,0.6285358538851143,0.5693059811368585,0.7172907744068653,0.9803195939678633,25.0,0.00010824899999999999,0.10934242424242425,False
GLM-5.3-Flash,main,RQ2,colloquial,300,0.9766666666666667,0.9566666666666667,0.99,0.9941666666666666,0.9891666666666666,0.9975,1.0,1.0,1.0,0.0,0.0,0.0,0.0,0.0,0.0,0.00903225806451613,0.003708281829419036,0.016477075331493306,,,,,,,,,,,,,,0.7390752914361656,0.7142656878568232,0.757290396373719,1.7480657493695626,1.160588731151075,1.9614184188656512,2.8564598227757947,36.0,4.0064e-05,0.04102116040955632,False
Qwen3.8-Flash,main,RQ2,colloquial,300,0.9566666666666667,0.9333333333333333,0.9766666666666667,0.9891666666666666,0.9833333333333333,0.9941666666666666,1.0,1.0,1.0,0.0,0.0,0.0,0.03058823529411765,0.016055045871559634,0.04717034131863472,0.0,0.0,0.0,,,,,,,,,,,,,,1.7902015214785933,1.7115597915835679,1.858175354078412,4.053171277744696,3.5959904317744082,4.556673076748848,6.936069182427595,30.0,5.286443333333333e-05,0.05525898954703833,False
SemIf-Qwen3.5-4B,main,RQ2,colloquial,300,0.5,0.44333333333333336,0.5566666666666666,0.8533333333333334,0.8341666666666666,0.8716666666666667,1.0,1.0,1.0,0.006666666666666667,0.0,0.016666666666666666,0.2611764705882353,0.2222222222222222,0.30023640661938533,0.04258064516129032,0.029754204398447608,0.05662805662805663,,,,,,,,,,,,,,0.12083388539031148,0.1208258718252182,0.12085712910629809,0.12183812726289034,0.12182933716103435,0.12185940381605179,0.20882782454602417,0.0,,,False
Laya,main,RQ2,colloquial,300,0.09666666666666666,0.06333333333333334,0.13,0.6558333333333334,0.635,0.6775,1.0,1.0,1.0,0.07333333333333333,0.043333333333333335,0.10333333333333333,0.7552941176470588,0.7182448036951501,0.7913669064748201,0.00903225806451613,0.002570694087403599,0.017060927912920205,,,,,,,,,,,,,,0.05482199368998408,0.054820766439661384,0.0548230423592031,0.054879660415463154,0.054841593373566866,0.055799899506382644,0.055831848969683046,0.0,,,False
Qwen3.5-4B-JSON,reference,RQ2,colloquial,300,0.41333333333333333,0.3566666666666667,0.47,0.8333333333333334,0.8158333333333333,0.8508333333333333,1.0,1.0,1.0,0.0,0.0,0.0,0.3388235294117647,0.2926267281105991,0.38663878506777133,0.03483870967741935,0.021794871794871794,0.04939958956979484,,,,,,,,,,,,,,0.7628303749952465,0.7618770066299476,0.7637825384736061,0.8089214550796896,0.8049459187313914,0.8147571797249841,0.8569656509766355,30.0,,,False
Rule,reference,RQ2,colloquial,300,0.04666666666666667,0.023333333333333334,0.07333333333333333,0.5208333333333334,0.4975,0.545,1.0,1.0,1.0,0.0,0.0,0.0,0.0,0.0,0.0,0.5716129032258065,0.5538261997405967,0.5883839198435972,,,,,,,,,,,,,,1.710420474410057e-05,1.583341509103775e-05,1.822924241423607e-05,3.2508699223399166e-05,2.95582227408886e-05,3.468743525445462e-05,3.7016356363892544e-05,0.0,,,False
Jev-1.13.0,main,RQ2,defaultbait,300,0.61,0.5533333333333333,0.6666666666666666,0.885,0.8666666666666667,0.9025,1.0,1.0,1.0,0.043333333333333335,0.023333333333333334,0.07,0.3058823529411765,0.26128266033254155,0.352803738317757,0.00903225806451613,0.0025974025974025974,0.016374348384056124,,,,,,,,,,,,,,0.2620704798027873,0.25432795751839876,0.26927206199616194,0.35070715015754106,0.3327105454634875,0.3688549133483321,0.540432025287299,180.0,3.456278e-05,0.05666029508196721,False
DeepSeek-V4.1-Flash,main,RQ2,defaultbait,300,0.53,0.47333333333333333,0.5866666666666667,0.8575,0.8383333333333334,0.8758333333333334,1.0,1.0,1.0,0.016666666666666666,0.0033333333333333335,0.03333333333333333,0.4023529411764706,0.3534852974060823,0.45323825052107847,0.0,0.0,0.0,,,,,,,,,,,,,,0.36530664563179016,0.3597759581170976,0.3751000836491585,0.48640900384634733,0.45599693129770463,0.5238956656306983,0.6229793666582552,25.0,0.00010944599999999998,0.20650188679245285,False
GLM-5.3-Flash,main,RQ2,defaultbait,300,0.6533333333333333,0.6,0.7066666666666667,0.8958333333333334,0.8775,0.9133333333333333,1.0,1.0,1.0,0.016666666666666666,0.0033333333333333335,0.03333333333333333,0.2635294117647059,0.21980486774549945,0.30698130941511353,0.016774193548387096,0.007761966364812419,0.027061855670103094,,,,,,,,,,,,,,0.8203375209122896,0.7855363748967648,0.8652208959683776,3.251185629609973,2.468448254792022,4.281352404179053,5.63832169279456,43.0,4.877236666666666e-05,0.07465158163265305,False
Qwen3.8-Flash,main,RQ2,defaultbait,300,0.47,0.41333333333333333,0.5266666666666666,0.8483333333333334,0.8308333333333333,0.8658333333333333,1.0,1.0,1.0,0.05,0.02666666666666667,0.07666666666666666,0.42823529411764705,0.38443935926773454,0.47255369928400953,0.0,0.0,0.0,,,,,,,,,,,,,,1.2991628334857523,1.2711901874281466,1.3266243753023446,2.073008360946551,1.7890293370932344,2.2990680395159875,3.0216061129234686,30.0,5.395916666666667e-05,0.1148067375886525,False
SemIf-Qwen3.5-4B,main,RQ2,defaultbait,300,0.36666666666666664,0.31333333333333335,0.42333333333333334,0.7925,0.7708333333333334,0.8141666666666667,1.0,1.0,1.0,0.02,0.006666666666666667,0.03666666666666667,0.36705882352941177,0.3231132075471698,0.41037735849056606,0.06838709677419355,0.05181347150259067,0.08545918367346939,,,,,,,,,,,,,,0.12172529310919344,0.12085929000750184,0.12179145246045664,0.12185266038868577,0.12184197031892836,0.1218711723573506,0.12279686199501157,0.0,,,False
Laya,main,RQ2,defaultbait,300,0.06333333333333334,0.03666666666666667,0.09333333333333334,0.6116666666666667,0.5883333333333334,0.635,1.0,1.0,1.0,0.13333333333333333,0.09666666666666666,0.17333333333333334,0.7694117647058824,0.7320543491596123,0.80593692496422,0.02064516129032258,0.011552903130245878,0.03088803088803089,,,,,,,,,,,,,,0.05482163047417998,0.05482111219316721,0.05482250824570656,0.055704632820561525,0.05484967678785324,0.05579333193600178,0.05582473264075816,0.0,,,False
Qwen3.5-4B-JSON,reference,RQ2,defaultbait,300,0.27666666666666667,0.22666666666666666,0.33,0.7766666666666666,0.7575,0.7966666666666666,1.0,1.0,1.0,0.05333333333333334,0.03,0.08,0.4988235294117647,0.4499942922374429,0.5480110565663845,0.01806451612903226,0.008894536213468869,0.029449423815621,,,,,,,,,,,,,,0.7618162748403847,0.7428462028037757,0.76284114504233,0.7888362924335525,0.7877615582430735,0.807937029353343,0.8317429762007669,30.0,,,False
Rule,reference,RQ2,defaultbait,300,0.05,0.02666666666666667,0.07666666666666666,0.5591666666666667,0.5375,0.5816666666666667,1.0,1.0,1.0,0.006666666666666667,0.0,0.016666666666666666,0.002352941176470588,0.0,0.007263922518159807,0.5793548387096774,0.5624142288710146,0.5948726114649682,,,,,,,,,,,,,,1.9583851099014282e-05,1.8666964024305344e-05,2.0458828657865524e-05,3.465060144662857e-05,3.1963409855961804e-05,3.671082668006421e-05,4.386045038700075e-05,0.0,,,False
Jev-1.13.0,main,RQ2,keyvalue,300,0.93,0.9,0.9566666666666667,0.9816666666666667,0.9733333333333334,0.9891666666666666,1.0,1.0,1.0,0.0,0.0,0.0,0.02823529411764706,0.013888888888888888,0.045346062052505964,0.011612903225806452,0.0039164490861618795,0.02056555269922879,,,,,,,,,,,,,,0.2780653331428766,0.27255850099027157,0.2843518746085465,0.4031873685307801,0.3652219644747675,0.43518673693761234,0.65220040731132,181.0,3.382148e-05,0.03636718279569892,False
DeepSeek-V4.1-Flash,main,RQ2,keyvalue,300,0.9866666666666667,0.9733333333333334,0.9966666666666667,0.9966666666666667,0.9933333333333333,0.9991666666666666,1.0,1.0,1.0,0.0,0.0,0.0,0.004705882352941176,0.0,0.011933174224343675,0.0025806451612903226,0.0,0.00651890482398957,,,,,,,,,,,,,,0.400635396130383,0.39141973889200016,0.413339895196259,0.6669830176047981,0.615487862378359,0.7953409896697851,0.9260282739158704,25.0,0.00010369700000000001,0.10509831081081081,False
GLM-5.3-Flash,main,RQ2,keyvalue,300,0.9733333333333334,0.9533333333333334,0.99,0.9933333333333333,0.9883333333333333,0.9975,1.0,1.0,1.0,0.0,0.0,0.0,0.002352941176470588,0.0,0.007317073170731708,0.005161290322580645,0.0012706480304955528,0.010443864229765013,,,,,,,,,,,,,,0.9069264372810721,0.8434534994885325,0.9756614370271564,3.0824890297371903,2.405472712311895,4.457590568484747,12.60178450817241,35.0,3.7986166666666666e-05,0.03902688356164384,False
Qwen3.8-Flash,main,RQ2,keyvalue,300,0.95,0.9233333333333333,0.9733333333333334,0.9875,0.9808333333333333,0.9933333333333333,1.0,1.0,1.0,0.0,0.0,0.0,0.021176470588235293,0.009195402298850575,0.03571428571428571,0.0025806451612903226,0.0,0.006493506493506494,,,,,,,,,,,,,,1.278485625050962,1.2397053334861994,1.3110124161466956,2.1253407150041315,1.930280414922163,2.336080821650103,3.5293875559512524,29.0,4.997806666666667e-05,0.05260849122807018,False
SemIf-Qwen3.5-4B,main,RQ2,keyvalue,300,0.6133333333333333,0.56,0.67,0.8891666666666667,0.8725,0.9058333333333334,1.0,1.0,1.0,0.0,0.0,0.0,0.08235294117647059,0.05810948849878935,0.10874704491725769,0.05935483870967742,0.043478260869565216,0.07622739018087855,,,,,,,,,,,,,,0.12082762597128749,0.1208230690099299,0.12082985485903919,0.12186123221181333,0.12182525435928256,0.16699866603594277,0.21585639490280298,0.0,,,False
Laya,main,RQ2,keyvalue,300,0.11,0.07666666666666666,0.14666666666666667,0.61,0.5841666666666666,0.6358333333333334,1.0,1.0,1.0,0.03333333333333333,0.013333333333333334,0.056666666666666664,0.6752941176470588,0.638496309665775,0.7123295367092504,0.04,0.027237354085603113,0.05345501955671447,,,,,,,,,,,,,,0.054827167419716716,0.054826040752232075,0.05482805799692869,0.0549407106358558,0.054857274517416954,0.05578526728786528,0.15812916659284357,0.0,,,False
Qwen3.5-4B-JSON,reference,RQ2,keyvalue,300,0.61,0.5533333333333333,0.6666666666666666,0.8875,0.87,0.905,1.0,1.0,1.0,0.0,0.0,0.0,0.17882352941176471,0.14186046511627906,0.21897810218978103,0.023225806451612905,0.012689953227435616,0.03515674073492461,,,,,,,,,,,,,,0.7628469269257039,0.7627598515246063,0.7638404464814812,0.8088994387770072,0.8078209972241893,0.8109040615381673,0.8559465097030624,30.0,,,False
Rule,reference,RQ2,keyvalue,300,0.04666666666666667,0.023333333333333334,0.07333333333333333,0.5183333333333333,0.495,0.5416666666666666,1.0,1.0,1.0,0.0,0.0,0.0,0.0,0.0,0.0,0.6012903225806452,0.5879265091863517,0.6132665832290363,,,,,,,,,,,,,,1.3354234397411346e-05,1.250067725777626e-05,1.4229211956262589e-05,2.587973140180112e-05,2.2961897775530816e-05,2.8530694544315344e-05,3.125502727925777e-05,0.0,,,False
Jev-1.13.0,main,RQ2,negation,300,0.9233333333333333,0.89,0.95,0.9808333333333333,0.9725,0.9875,1.0,1.0,1.0,0.0,0.0,0.0,0.04,0.02252252252252252,0.05963302752293578,0.007741935483870968,0.002544529262086514,0.014285714285714285,,,,,,,,,,,,,,0.2861123546026647,0.2790398127399385,0.2963002296164632,0.4365069588646297,0.3821379579603672,0.6151894412457439,0.8244852882064874,181.0,3.454934e-05,0.03741805776173285,False
DeepSeek-V4.1-Flash,main,RQ2,negation,300,0.9733333333333334,0.9533333333333334,0.99,0.9933333333333333,0.9883333333333333,0.9975,1.0,1.0,1.0,0.0,0.0,0.0,0.004705882352941176,0.0,0.01182033096926714,0.007741935483870968,0.002554278416347382,0.014285714285714285,,,,,,,,,,,,,,0.37658091727644205,0.37116906279698014,0.38324895966798067,0.5455188936088234,0.5193053524009884,0.6009774001315236,1.4867578896135087,25.0,0.000108798,0.11177876712328766,False
GLM-5.3-Flash,main,RQ2,negation,300,0.91,0.8766666666666667,0.94,0.95,0.9275,0.9708333333333333,0.9633333333333334,0.94,0.9833333333333333,0.0,0.0,0.0,0.004705882352941176,0.0,0.011933174224343675,0.05419354838709677,0.03178753250250343,0.07881136950904392,,,,,,,,,,,,,,0.8089543543756008,0.7701219440787099,0.8564213546924293,3.969235646072776,3.196776006091387,4.649083082983271,7.8341141416410425,36.0,4.2817958477508645e-05,0.045327435897435896,False
Qwen3.8-Flash,main,RQ2,negation,300,0.9566666666666667,0.9333333333333333,0.9766666666666667,0.9891666666666666,0.9833333333333333,0.9941666666666666,1.0,1.0,1.0,0.0,0.0,0.0,0.02823529411764706,0.014084507042253521,0.04433497536945813,0.0012903225806451613,0.0,0.003931847968545216,,,,,,,,,,,,,,1.5216752290725708,1.4801508546806872,1.5700823329389095,2.7163449164479974,2.5050792716909207,3.005785402283076,3.968981920164074,30.0,5.400003333333334e-05,0.05644602787456446,False
SemIf-Qwen3.5-4B,main,RQ2,negation,300,0.52,0.4633333333333333,0.5766666666666667,0.86,0.8416666666666667,0.8783333333333333,1.0,1.0,1.0,0.0033333333333333335,0.0,0.01,0.2564705882352941,0.21758756038647342,0.29493170440606037,0.06193548387096774,0.045743329097839895,0.07922077922077922,,,,,,,,,,,,,,0.12082676310092211,0.12082086969166994,0.12084164004772902,0.1218385508749634,0.12182266020681709,0.12186702992767096,0.12292015833780169,0.0,,,False
Laya,main,RQ2,negation,300,0.09,0.06,0.12333333333333334,0.6341666666666667,0.6108333333333333,0.6575,1.0,1.0,1.0,0.08333333333333333,0.05333333333333334,0.11666666666666667,0.788235294117647,0.7522925448384165,0.8229885057471265,0.007741935483870968,0.0025575447570332483,0.01437908496732026,,,,,,,,,,,,,,0.05482680979184806,0.05482363095507026,0.054831343493424355,0.055843609781004486,0.05581861925311386,0.056687171384692196,0.06574808062985538,0.0,,,False
Qwen3.5-4B-JSON,reference,RQ2,negation,300,0.43333333333333335,0.37666666666666665,0.49,0.8233333333333334,0.8025,0.8441666666666666,1.0,1.0,1.0,0.0,0.0,0.0,0.32235294117647056,0.2740038818132239,0.3725501979638009,0.03612903225806452,0.022337563700931557,0.051347881899871634,,,,,,,,,,,,,,0.7618315096478909,0.7617939542979002,0.762820833362639,0.810833879886195,0.8078442430123687,0.8298461639555171,0.851894419346936,30.0,,,False
Rule,reference,RQ2,negation,300,0.06333333333333334,0.03666666666666667,0.09,0.5633333333333334,0.5391666666666667,0.5866666666666667,1.0,1.0,1.0,0.0,0.0,0.0,0.0,0.0,0.0,0.5109677419354839,0.4864507365521846,0.5345748862571925,,,,,,,,,,,,,,1.933332532644272e-05,1.8145889043807983e-05,2.0666979253292084e-05,3.563743084669113e-05,3.343555144965649e-05,3.802855499088767e-05,4.302526824176305e-05,0.0,,,False
Jev-1.13.0,main,RQ2,noise,300,0.93,0.9,0.9566666666666667,0.9825,0.975,0.9891666666666666,1.0,1.0,1.0,0.0,0.0,0.0,0.04470588235294118,0.026004728132387706,0.06557377049180328,0.0025806451612903226,0.0,0.006493506493506494,,,,,,,,,,,,,,0.28461016714572906,0.27894293796271086,0.29116381239145994,0.3994913902133704,0.3749207962304354,0.4243908208794892,0.5187788539286703,181.0,3.430252e-05,0.03688443010752688,False
DeepSeek-V4.1-Flash,main,RQ2,noise,300,0.97,0.95,0.9866666666666667,0.9925,0.9875,0.9966666666666667,1.0,1.0,1.0,0.0,0.0,0.0,0.018823529411764704,0.007058823529411765,0.03271028037383177,0.0012903225806451613,0.0,0.003942181340341655,,,,,,,,,,,,,,0.3681760421022773,0.36287307913880795,0.3726029796525836,0.6040245081298053,0.5375056041870269,0.7269002283923351,1.1791116204764664,26.0,0.000108037,0.11137835051546391,False
GLM-5.3-Flash,main,RQ2,noise,300,0.9333333333333333,0.9066666666666666,0.96,0.9633333333333334,0.9433333333333334,0.98,0.9733333333333334,0.9533333333333334,0.99,0.006666666666666667,0.0,0.016666666666666666,0.01411764705882353,0.004629629629629629,0.026254553448059267,0.03225806451612903,0.01447320872812781,0.05290322580645161,,,,,,,,,,,,,,0.6711353338323534,0.6416285624727607,0.6992564173415303,2.7281393434852363,2.621428009355441,2.940514097362757,3.359979270175099,36.0,4.054157534246576e-05,0.04227907142857143,False
Qwen3.8-Flash,main,RQ2,noise,300,0.9466666666666667,0.92,0.97,0.9866666666666667,0.98,0.9925,1.0,1.0,1.0,0.0033333333333333335,0.0,0.01,0.03529411764705882,0.018957345971563982,0.0536141906873614,0.0,0.0,0.0,,,,,,,,,,,,,,1.5351581666618586,1.4929121248424053,1.571026521269232,2.749629868473859,2.5355764580890536,3.1351435793563724,4.377020305814221,30.0,5.236494e-05,0.05531507746478873,False
SemIf-Qwen3.5-4B,main,RQ2,noise,300,0.5566666666666666,0.5,0.6133333333333333,0.8766666666666667,0.86,0.8933333333333333,1.0,1.0,1.0,0.0,0.0,0.0,0.18588235294117647,0.15151333041958043,0.22096105735057892,0.05290322580645161,0.03821635071288906,0.0687032801655429,,,,,,,,,,,,,,0.12079993286170065,0.11988505395129323,0.12081130500882864,0.12181827339809388,0.12086203834041953,0.12182407202199101,0.12183710995130241,0.0,,,False
Laya,main,RQ2,noise,300,0.09666666666666666,0.06333333333333334,0.13333333333333333,0.645,0.6225,0.6675,1.0,1.0,1.0,0.12666666666666668,0.09,0.16666666666666666,0.7388235294117647,0.7,0.7761565867222802,0.014193548387096775,0.006459948320413436,0.023047375160051217,,,,,,,,,,,,,,0.054817145923152566,0.054816154297441244,0.05481896176934242,0.05573269159067422,0.05538042923435569,0.05578625455964357,0.055834746533073486,0.0,,,False
Qwen3.5-4B-JSON,reference,RQ2,noise,300,0.4633333333333333,0.41,0.52,0.8375,0.8175,0.8575,1.0,1.0,1.0,0.0,0.0,0.0,0.2917647058823529,0.2465437788018433,0.3381294964028777,0.03483870967741935,0.020752269779507133,0.05069753815878603,,,,,,,,,,,,,,0.7628060861025006,0.7618310578342061,0.7638055300340056,0.8108765514334664,0.8088914180151187,0.8289675265084953,0.8547807490127162,30.0,,,False
Rule,reference,RQ2,noise,300,0.056666666666666664,0.03333333333333333,0.08333333333333333,0.54,0.5166666666666667,0.5633333333333334,1.0,1.0,1.0,0.0,0.0,0.0,0.0,0.0,0.0,0.5470967741935484,0.526246719160105,0.5667516517451422,,,,,,,,,,,,,,1.733331009745598e-05,1.637544482946396e-05,1.8645543605089188e-05,3.4547224640846255e-05,3.0638091266155244e-05,3.843903541564942e-05,4.324116744101029e-05,0.0,,,False
Jev-1.13.0,main,RQ2,revised,300,0.9466666666666667,0.92,0.97,0.9866666666666667,0.98,0.9925,1.0,1.0,1.0,0.0,0.0,0.0,0.018823529411764704,0.0071085845853920875,0.03294117647058824,0.0064516129032258064,0.00129366106080207,0.01278772378516624,,,,,,,,,,,,,,0.27664812514558434,0.2710103327408433,0.2827856651158072,0.3935390105005354,0.37607802082784475,0.43845030246302497,0.5162361620366567,181.0,3.467856000000001e-05,0.03663228169014085,False
DeepSeek-V4.1-Flash,main,RQ2,revised,300,0.99,0.9766666666666667,1.0,0.9975,0.9941666666666666,1.0,1.0,1.0,1.0,0.0,0.0,0.0,0.007058823529411765,0.0,0.01639344262295082,0.0,0.0,0.0,,,,,,,,,,,,,,0.39844693755730987,0.38850043760612607,0.41278477059677243,0.6365037350449712,0.5890466959681362,0.672337651671842,1.0604234173148828,25.0,0.000109028,0.11012929292929292,False
GLM-5.3-Flash,main,RQ2,revised,300,0.9666666666666667,0.9466666666666667,0.9833333333333333,0.9916666666666667,0.9866666666666667,0.9958333333333333,1.0,1.0,1.0,0.0,0.0,0.0,0.0,0.0,0.0,0.007741935483870968,0.002554278416347382,0.014248704663212436,,,,,,,,,,,,,,0.8705497290939093,0.827864124905318,0.9255113331601024,2.8155221566557906,2.2807914122007817,5.220606083422905,13.19984871463849,37.0,4.301046666666667e-05,0.04449358620689655,False
Qwen3.8-Flash,main,RQ2,revised,300,0.9866666666666667,0.9733333333333334,0.9966666666666667,0.9966666666666667,0.9933333333333333,0.9991666666666666,1.0,1.0,1.0,0.0,0.0,0.0,0.002352941176470588,0.0,0.0072992700729927005,0.0,0.0,0.0,,,,,,,,,,,,,,1.4558143122121692,1.4162021670490503,1.4959173547104,2.8547550412826252,2.6199090415611863,3.398037150315943,4.344532098211347,30.0,5.52008e-05,0.055946756756756755,False
SemIf-Qwen3.5-4B,main,RQ2,revised,300,0.5266666666666666,0.47,0.5833333333333334,0.8608333333333333,0.8425,0.8791666666666667,1.0,1.0,1.0,0.006666666666666667,0.0,0.016666666666666666,0.1976470588235294,0.16273443847612168,0.23267440799379477,0.03354838709677419,0.021850899742930592,0.0459187021265199,,,,,,,,,,,,,,0.12083341763354838,0.12082744552753866,0.12085583037696779,0.12189065078273416,0.12184959477744997,0.12282884798478336,0.1688478261604905,0.0,,,False
Laya,main,RQ2,revised,300,0.08,0.05,0.11333333333333333,0.5933333333333334,0.5691666666666667,0.6175,1.0,1.0,1.0,0.12333333333333334,0.08666666666666667,0.16008333333333213,0.72,0.6790697674418604,0.7600950118764845,0.011612903225806452,0.005095541401273885,0.01948051948051948,,,,,,,,,,,,,,0.054825776955112815,0.054824597435072064,0.05482779652811587,0.055827185953967275,0.0558133538113907,0.05583412065170705,0.07056645735166897,0.0,,,False
Qwen3.5-4B-JSON,reference,RQ2,revised,300,0.51,0.4533333333333333,0.5666666666666667,0.85,0.8308333333333333,0.8683541666666663,1.0,1.0,1.0,0.0,0.0,0.0,0.24235294117647058,0.2,0.28674698795180725,0.023225806451612905,0.01397712833545108,0.034210526315789476,,,,,,,,,,,,,,0.7647910816594958,0.7638316028751433,0.7657987242564559,0.9828030770178884,0.8969514102907854,1.072728879028,1.1158364450978115,30.0,,,False
Rule,reference,RQ2,revised,300,0.02,0.006666666666666667,0.03666666666666667,0.4891666666666667,0.4675,0.5116666666666667,1.0,1.0,1.0,0.0033333333333333335,0.0,0.01,0.0,0.0,0.0,0.5987096774193549,0.5851056867550407,0.6113924050632912,,,,,,,,,,,,,,2.0291190594434738e-05,1.8583610653877258e-05,2.1375250071287155e-05,3.70947178453207e-05,3.469246439635754e-05,4.1418895125389096e-05,4.6628965064883226e-05,0.0,,,False
Jev-1.13.0,main,RQ3,F4_low,300,0.9233333333333333,0.8933333333333333,0.9533333333333334,0.9808333333333333,0.9733333333333334,0.9883333333333333,1.0,1.0,1.0,0.0,0.0,0.0,0.02666666666666667,0.009803123203678866,0.046762589928057555,0.0077777777777777776,0.0031743520192887282,0.013699806995245475,,,,,,,,,,,,,,0.2788816662505269,0.27304410422220826,0.2850506464019418,0.38230608981102704,0.3581383080221713,0.4276169281452896,1.872605923283845,180.0,3.423966e-05,0.037082664259927796,False
DeepSeek-V4.1-Flash,main,RQ3,F4_low,300,0.9833333333333333,0.9666666666666667,0.9966666666666667,0.9958333333333333,0.9916666666666667,0.9991666666666666,1.0,1.0,1.0,0.0033333333333333335,0.0,0.01,0.0033333333333333335,0.0,0.010677109811896275,0.0044444444444444444,0.0010905125408942203,0.009050286781379212,,,,,,,,,,,,,,0.4173758956603706,0.4099690420553088,0.44111564569175243,0.7299293506890536,0.6496731057297441,0.7907472564838828,0.8821148780733336,26.0,0.000107495,0.10931694915254236,False
GLM-5.3-Flash,main,RQ3,F4_low,300,0.8966666666666666,0.86,0.93,0.9341666666666667,0.9075,0.9583333333333334,0.9466666666666667,0.92,0.97,0.0033333333333333335,0.0,0.01,0.0033333333333333335,0.0,0.01056338028169014,0.07333333333333333,0.046255506607929514,0.10333426966292134,,,,,,,,,,,,,,0.915905062109232,0.8423677925020456,1.047740333713591,2.9570215418934827,2.762233411287889,3.2902720839716495,5.727907307110719,35.5,4.0165774647887326e-05,0.04240550185873606,False
Qwen3.8-Flash,main,RQ3,F4_low,300,0.9833333333333333,0.9666666666666667,0.9966666666666667,0.9958333333333333,0.9916666666666667,0.9991666666666666,1.0,1.0,1.0,0.0,0.0,0.0,0.013333333333333334,0.0031543261313810686,0.027586206896551724,0.0,0.0,0.0,,,,,,,,,,,,,,1.2749765207991004,1.2613110006786883,1.3011238952167332,1.9613660524133598,1.7873018186073752,2.1884598388336607,2.380235150624062,29.0,5.189793333333334e-05,0.0527775593220339,False
SemIf-Qwen3.5-4B,main,RQ3,F4_low,300,0.5433333333333333,0.4866666666666667,0.6,0.865,0.8466666666666667,0.8833333333333333,1.0,1.0,1.0,0.006666666666666667,0.0,0.016666666666666666,0.15333333333333332,0.11627906976744186,0.19217081850533807,0.09666666666666666,0.07982143302025461,0.11393805309734513,,,,,,,,,,,,,,0.11981988418847322,0.11981812166050076,0.1198211403854657,0.12081101324874907,0.11990948535967619,0.12082411225419491,0.12086276699323208,0.0,,,False
Laya,main,RQ3,F4_low,300,0.25333333333333335,0.20333333333333334,0.30333333333333334,0.7175,0.6933333333333334,0.7416666666666667,1.0,1.0,1.0,0.07666666666666666,0.05,0.10666666666666667,0.7233333333333334,0.677115171107628,0.7678571428571429,0.013333333333333334,0.0066518847006651885,0.021134593993325918,,,,,,,,,,,,,,0.05482053384184837,0.054818796925246716,0.054822072852402925,0.055793116171844306,0.055728762922808525,0.055816423753276466,0.05582883478142321,0.0,,,False
Qwen3.5-4B-JSON,reference,RQ3,F4_low,300,0.53,0.47333333333333333,0.5866666666666667,0.8658333333333333,0.8483333333333334,0.8833333333333333,1.0,1.0,1.0,0.0033333333333333335,0.0,0.01,0.24333333333333335,0.19195046439628483,0.29749320980764216,0.027777777777777776,0.01737242128121607,0.039344452034001214,,,,,,,,,,,,,,0.7658396388869733,0.7642380860634148,0.7678241529501975,0.9746777832508091,0.8462775369640441,1.077980419807136,1.1179593858448786,30.0,,,False
Rule,reference,RQ3,F4_low,300,0.04,0.02,0.06333333333333334,0.44166666666666665,0.4141666666666667,0.47,1.0,1.0,1.0,0.0,0.0,0.0,0.0,0.0,0.0,0.6433333333333333,0.628668171557562,0.6566844919786097,,,,,,,,,,,,,,1.654215157032013e-05,1.4749355614185333e-05,1.7958227545022964e-05,3.251908347010613e-05,3.0964380130171776e-05,3.6247354000806825e-05,4.123855382204053e-05,0.0,,,False
Jev-1.13.0,main,RQ3,F4_medium,300,0.9566666666666667,0.9333333333333333,0.9767499999999988,0.9883333333333333,0.9816666666666667,0.9941666666666666,1.0,1.0,1.0,0.0,0.0,0.0,0.03,0.0125,0.05084745762711865,0.0011111111111111111,0.0,0.0033975084937712344,,,,,,,,,,,,,,0.2784535624086857,0.2713263565325178,0.2839715825393796,0.3817083588801325,0.3610340609680862,0.39731162441894413,0.5044003914296625,180.0,3.4828639999999997e-05,0.03640624390243902,False
DeepSeek-V4.1-Flash,main,RQ3,F4_medium,300,0.9733333333333334,0.9533333333333334,0.99,0.9933333333333333,0.9883333333333333,0.9975,1.0,1.0,1.0,0.0,0.0,0.0,0.01,0.0,0.02280130293159609,0.0033333333333333335,0.0,0.007717750826901874,,,,,,,,,,,,,,0.39202554104849696,0.3835048130713403,0.39881060365587473,0.6277657932601869,0.5844712977297605,0.689989668875933,0.7712748326081768,25.0,0.00011139599999999999,0.11444794520547945,False
GLM-5.3-Flash,main,RQ3,F4_medium,300,0.9866666666666667,0.9733333333333334,0.9966666666666667,0.9966666666666667,0.9933333333333333,0.9991666666666666,1.0,1.0,1.0,0.0,0.0,0.0,0.0,0.0,0.0,0.0044444444444444444,0.001091703056768559,0.009009262926963036,,,,,,,,,,,,,,0.6454011667519808,0.6268348330631852,0.6608326048590243,1.2527925563044853,1.0923675893095792,1.4249077246524393,1.911741273971274,35.0,4.22685e-05,0.042839695945945944,False
Qwen3.8-Flash,main,RQ3,F4_medium,300,0.9733333333333334,0.9533333333333334,0.99,0.9933333333333333,0.9883333333333333,0.9975,1.0,1.0,1.0,0.0033333333333333335,0.0,0.01,0.02666666666666667,0.01,0.046052631578947366,0.0,0.0,0.0,,,,,,,,,,,,,,1.3009459166787565,1.2602075831964612,1.3491931344266048,2.0444947761483494,1.9151183911133558,2.2130321268923594,2.692044578315686,30.0,5.534373333333333e-05,0.056859999999999994,False
SemIf-Qwen3.5-4B,main,RQ3,F4_medium,300,0.6033333333333334,0.5466666666666666,0.6566666666666666,0.8866666666666667,0.8691666666666666,0.9041666666666667,1.0,1.0,1.0,0.01,0.0,0.023333333333333334,0.22666666666666666,0.18505087071475584,0.2708333333333333,0.022222222222222223,0.01312910284463895,0.032694998272637964,,,,,,,,,,,,,,0.11982121784240007,0.11981995310634375,0.1198225230909884,0.12081555915065109,0.12081050488632172,0.12082556711975485,0.1208523503690958,0.0,,,False
Laya,main,RQ3,F4_medium,300,0.20666666666666667,0.16,0.25333333333333335,0.6608333333333334,0.6333333333333333,0.6883333333333334,1.0,1.0,1.0,0.12333333333333334,0.08666666666666667,0.16333333333333333,0.7866666666666666,0.7434188596491228,0.8285714285714286,0.016666666666666666,0.008898776418242492,0.025109170305676855,,,,,,,,,,,,,,0.054822846315801144,0.054820979945361614,0.054824575781822205,0.05581277834717184,0.05498532061465085,0.05582280696835369,0.056635927110910415,0.0,,,False
Qwen3.5-4B-JSON,reference,RQ3,F4_medium,300,0.6766666666666666,0.6233333333333333,0.73,0.9075,0.8908333333333334,0.9233333333333333,1.0,1.0,1.0,0.0,0.0,0.0,0.17666666666666667,0.132864038616251,0.22382671480144403,0.01888888888888889,0.010078387458006719,0.028784854795788496,,,,,,,,,,,,,,0.7638433983083814,0.7637697027530521,0.7656875939574093,0.8328875212464482,0.8118713616160677,0.8765745217679071,1.0581773702288046,30.0,,,False
Rule,reference,RQ3,F4_medium,300,0.05,0.02666666666666667,0.07666666666666666,0.49666666666666665,0.4691666666666667,0.5258333333333334,1.0,1.0,1.0,0.0,0.0,0.0,0.0,0.0,0.0,0.5177777777777778,0.4921870630592841,0.542795232936078,,,,,,,,,,,,,,2.0124949514865875e-05,1.908373087644577e-05,2.1750107407569885e-05,3.821798600256443e-05,3.399960696697236e-05,4.012924619019032e-05,4.509804770350455e-05,0.0,,,False
Jev-1.13.0,main,RQ3,F4_high,300,0.9666666666666667,0.9433333333333334,0.9866666666666667,0.9916666666666667,0.9858333333333333,0.9966666666666667,1.0,1.0,1.0,0.0,0.0,0.0,0.03,0.012658227848101266,0.050676899725812755,0.0011111111111111111,0.0,0.0033975084937712344,,,,,,,,,,,,,,0.2682813536375761,0.2629522494971752,0.27421416621655226,0.3478044441435486,0.3347279585432261,0.392947506438941,0.46021076628938296,180.0,3.605014e-05,0.03729324827586207,False
DeepSeek-V4.1-Flash,main,RQ3,F4_high,300,0.9733333333333334,0.9533333333333334,0.99,0.9933333333333333,0.9883333333333333,0.9975,1.0,1.0,1.0,0.0,0.0,0.0,0.02666666666666667,0.009966777408637873,0.04643064784053153,0.0,0.0,0.0,,,,,,,,,,,,,,0.3717499994672835,0.365877625066787,0.37699975026771426,0.5066852371208371,0.4730720515362919,0.5313452125061303,0.8406205642409619,25.0,0.00011866399999999999,0.12191506849315067,False
GLM-5.3-Flash,main,RQ3,F4_high,300,0.9966666666666667,0.99,1.0,0.9991666666666666,0.9975,1.0,1.0,1.0,1.0,0.0,0.0,0.0,0.0033333333333333335,0.0,0.010638297872340425,0.0,0.0,0.0,,,,,,,,,,,,,,0.6445034365169704,0.6314971661195159,0.654777167364955,1.4390370703302346,1.0194591118022802,2.5787188678048563,3.156864675059913,37.0,4.7293e-05,0.04745117056856188,False
Qwen3.8-Flash,main,RQ3,F4_high,300,0.9866666666666667,0.9733333333333334,0.9966666666666667,0.9966666666666667,0.9933333333333333,0.9991666666666666,1.0,1.0,1.0,0.0,0.0,0.0,0.013333333333333334,0.003134796238244514,0.02768166089965398,0.0,0.0,0.0,,,,,,,,,,,,,,1.3254866665229201,1.3061517495661974,1.3619296615943313,1.9976521396543836,1.8138706333469605,2.287674367520959,2.8985003541596224,31.0,6.0555400000000006e-05,0.06137371621621623,False
SemIf-Qwen3.5-4B,main,RQ3,F4_high,300,0.65,0.5966666666666667,0.7033333333333334,0.9041666666666667,0.8883333333333333,0.9191666666666667,1.0,1.0,1.0,0.0033333333333333335,0.0,0.01,0.2633333333333333,0.21935483870967742,0.30662020905923343,0.012222222222222223,0.005464331734555086,0.020270841585666832,,,,,,,,,,,,,,0.12178148049861193,0.1211800763849169,0.12180446890415624,0.16983054513111712,0.1250169864622881,0.17384487250819802,0.19896927068941284,0.0,,,False
Laya,main,RQ3,F4_high,300,0.15666666666666668,0.11666666666666667,0.1967499999999988,0.6166666666666667,0.5891666666666666,0.6441666666666667,1.0,1.0,1.0,0.2,0.15666666666666668,0.24666666666666667,0.7833333333333333,0.7361563517915309,0.8291156133159151,0.013333333333333334,0.006644518272425249,0.021158718867395142,,,,,,,,,,,,,,0.05575782689265907,0.0557455369271338,0.05577077716588974,0.1539817226585001,0.05684356230776758,0.16287375688552858,0.18589689346496008,0.0,,,False
Qwen3.5-4B-JSON,reference,RQ3,F4_high,300,0.6766666666666666,0.6233333333333333,0.73,0.9091666666666667,0.8933333333333333,0.9241666666666667,1.0,1.0,1.0,0.0033333333333333335,0.0,0.01,0.24666666666666667,0.1941747572815534,0.30337078651685395,0.0033333333333333335,0.0,0.007743362831858407,,,,,,,,,,,,,,0.766639931127429,0.7638639248907566,0.7741437645163387,1.0578104444313794,0.9032313584350059,1.10922761883121,1.1207570690708235,30.0,,,False
Rule,reference,RQ3,F4_high,300,0.05,0.02666666666666667,0.07666666666666666,0.44166666666666665,0.4116666666666667,0.4716666666666667,1.0,1.0,1.0,0.03,0.013333333333333334,0.05,0.0033333333333333335,0.0,0.010676156583629894,0.5544444444444444,0.5310734463276836,0.5766262403528115,,,,,,,,,,,,,,2.8540845960378647e-05,2.6916153728961945e-05,2.970825880765915e-05,5.1987171173095726e-05,4.9286289140582105e-05,5.8303121477365494e-05,6.836836226284493e-05,0.0,,,False
Jev-1.13.0,main,RQ3,F6_low,300,0.7866666666666666,0.74,0.8333333333333334,0.9611111111111112,0.9522222222222221,0.9694444444444446,1.0,1.0,1.0,0.0,0.0,0.0,0.112,0.0850611907201774,0.14087435649935648,0.007692307692307693,0.0031128404669260703,0.012724550898203593,,,,,,,,,,,,,,0.2799363126978278,0.27153052063658834,0.28591762483119965,0.40195847605355084,0.3759426781907678,0.42013399670831864,0.6036113849282264,267.0,4.561886e-05,0.05799007627118644,False
DeepSeek-V4.1-Flash,main,RQ3,F6_low,300,0.9566666666666667,0.9333333333333333,0.9766666666666667,0.9927777777777779,0.9888888888888888,0.9961111111111113,1.0,1.0,1.0,0.0,0.0,0.0,0.02,0.008438818565400843,0.03258711148499069,0.002307692307692308,0.0,0.0053639846743295016,,,,,,,,,,,,,,0.41513227112591267,0.40850066719576716,0.4205192713998258,1.3063382474239926,0.7585943930316725,2.9993244607467218,5.304814798990244,38.0,7.188388e-05,0.07513994425087109,False
GLM-5.3-Flash,main,RQ3,F6_low,300,0.9633333333333334,0.94,0.9833333333333333,0.9938888888888889,0.99,0.9972222222222222,1.0,1.0,1.0,0.0,0.0,0.0,0.004,0.0,0.010183818945093305,0.006923076923076923,0.0030233745058950066,0.011618900077459334,,,,,,,,,,,,,,0.7037441045977175,0.6799712083302438,0.7332107499241829,1.480798900173977,1.2818596826866269,1.8094386863522234,2.583943916326386,48.0,4.958416666666667e-05,0.05147145328719723,False
Qwen3.8-Flash,main,RQ3,F6_low,300,0.9,0.8633333333333333,0.9333333333333333,0.9822222222222223,0.9755555555555556,0.9883333333333333,1.0,1.0,1.0,0.0,0.0,0.0,0.06,0.04040404040404041,0.08167427566000587,0.0,0.0,0.0,,,,,,,,,,,,,,1.7920652288012207,1.7547345622442663,1.8379166461527348,3.1720628045499337,2.8093334774486727,3.4949845040217045,4.036454122755677,58.0,3.913824666666667e-05,0.04348694074074074,False
SemIf-Qwen3.5-4B,main,RQ3,F6_low,300,0.4,0.3466666666666667,0.45666666666666667,0.8672222222222221,0.8527777777777777,0.8816666666666667,1.0,1.0,1.0,0.023333333333333334,0.006666666666666667,0.043333333333333335,0.314,0.2733047557637646,0.3559322033898305,0.031538461538461536,0.022069880285415115,0.04160437275690445,,,,,,,,,,,,,,0.12372276466339827,0.12284139962866902,0.1237540110014379,0.18875723753590137,0.17382112094201146,0.20083888564258814,0.23126506689004558,0.0,,,False
Laya,main,RQ3,F6_low,300,0.07666666666666666,0.04666666666666667,0.10666666666666667,0.6833333333333333,0.6633333333333333,0.7033333333333334,1.0,1.0,1.0,0.18666666666666668,0.14333333333333334,0.23,0.792,0.7514790004516031,0.8323232323232324,0.010769230769230769,0.005359774965991815,0.017094017094017096,,,,,,,,,,,,,,0.05581105058081448,0.05580757511779666,0.055822649714536966,0.17397569229360674,0.1598203401081264,0.20211381348781293,0.2309193049184977,0.0,,,False
Qwen3.5-4B-JSON,reference,RQ3,F6_low,300,0.48333333333333334,0.4266666666666667,0.54,0.8872222222222222,0.8722222222222222,0.9016666666666666,1.0,1.0,1.0,0.0033333333333333335,0.0,0.01,0.238,0.19803823529411763,0.2795935662400553,0.02923076923076923,0.0191131498470948,0.0401854714064915,,,,,,,,,,,,,,1.105491719674319,1.1014371511992067,1.1099514504894614,1.4522134067723529,1.3872083107708024,1.5018073663813993,1.5935549230780452,45.0,,,False
Rule,reference,RQ3,F6_low,300,0.0033333333333333335,0.0,0.01,0.4338888888888889,0.4116666666666667,0.45666666666666667,1.0,1.0,1.0,0.0,0.0,0.0,0.0,0.0,0.0,0.7246153846153847,0.7103657340046713,0.7379680133947125,,,,,,,,,,,,,,2.0312611013650894e-05,1.9229017198085785e-05,2.233218401670456e-05,4.188800230622294e-05,3.7525594234466555e-05,4.550605081021786e-05,5.6330887600779386e-05,0.0,,,False
Jev-1.13.0,main,RQ3,F6_medium,300,0.84,0.7966666666666666,0.88,0.9722222222222223,0.9644444444444445,0.9794444444444443,1.0,1.0,1.0,0.0,0.0,0.0,0.082,0.058823529411764705,0.10693097170880314,0.004615384615384616,0.0015267175572519084,0.008520526723470178,,,,,,,,,,,,,,0.26795975025743246,0.26061700005084276,0.2729598116129637,0.35477419239468877,0.3452474522404373,0.37136706272140146,0.4273610210791228,267.0,4.6120339999999996e-05,0.054905166666666665,False
DeepSeek-V4.1-Flash,main,RQ3,F6_medium,300,0.9633333333333334,0.94,0.9833333333333333,0.9933333333333333,0.9888888888888889,0.9972222222222221,1.0,1.0,1.0,0.0,0.0,0.0,0.014,0.004210526315789474,0.025096525096525095,0.0015384615384615385,0.0,0.0038729666924864447,,,,,,,,,,,,,,0.40724922996014357,0.3994976878166199,0.4147579176351428,0.5670035706367346,0.5264800014905632,0.6558216159697623,1.244232542933882,39.0,7.684700000000002e-05,0.0797719723183391,False
GLM-5.3-Flash,main,RQ3,F6_medium,300,0.9466666666666667,0.92,0.97,0.9827777777777778,0.9694444444444446,0.9927777777777779,0.99,0.9766666666666667,1.0,0.0,0.0,0.0,0.006,0.0,0.013592894110536049,0.013076923076923076,0.003816793893129771,0.02566146347072029,,,,,,,,,,,,,,0.9231876046396792,0.8907604580745101,0.9504080833867192,2.3359210894443097,1.8396139034221435,2.7738836693577484,4.233524180231611,50.0,5.534464646464646e-05,0.057878028169014085,False
Qwen3.8-Flash,main,RQ3,F6_medium,300,0.94,0.9133333333333333,0.9666666666666667,0.99,0.9855555555555554,0.9944444444444444,1.0,1.0,1.0,0.0,0.0,0.0,0.032,0.017857142857142856,0.047520661157024795,0.0007692307692307692,0.0,0.002347417840375587,,,,,,,,,,,,,,1.577220166567713,1.5552015420980752,1.6075318749062717,2.227294847974554,2.0879574107471854,2.419439567672089,2.663871601829301,59.0,4.16636e-05,0.04432297872340425,False
SemIf-Qwen3.5-4B,main,RQ3,F6_medium,300,0.33666666666666667,0.2833333333333333,0.39,0.8444444444444443,0.8283333333333333,0.8605555555555554,1.0,1.0,1.0,0.02,0.006666666666666667,0.03666666666666667,0.402,0.35714285714285715,0.4482088885835966,0.02,0.013117283950617283,0.02749410840534171,,,,,,,,,,,,,,0.1228013529907912,0.12280031922273338,0.12280263775028288,0.22008487922139472,0.12479231902398169,0.2458203639369458,0.29988135689403855,0.0,,,False
Laya,main,RQ3,F6_medium,300,0.04666666666666667,0.023333333333333334,0.07,0.6355555555555555,0.6138888888888889,0.6566666666666666,1.0,1.0,1.0,0.25,0.20333333333333334,0.3,0.842,0.8071552965670543,0.8755024246363046,0.013846153846153847,0.007674449947972823,0.020658390853350604,,,,,,,,,,,,,,0.05580777185969055,0.05580665613524616,0.05580822401680052,0.14979004990309477,0.057796282786875965,0.15790408542379739,0.20276603288017203,0.0,,,False
Qwen3.5-4B-JSON,reference,RQ3,F6_medium,300,0.47,0.41333333333333333,0.5266666666666666,0.8855555555555557,0.8711111111111111,0.8994444444444444,1.0,1.0,1.0,0.01,0.0,0.023333333333333334,0.242,0.20120664817306205,0.2854252022271247,0.019230769230769232,0.011645962732919254,0.027537537691194963,,,,,,,,,,,,,,1.1175669305957854,1.1133647084119729,1.1196034750901163,1.1828769650077449,1.1686845334945246,1.2016643792623656,1.4752252607280383,45.0,,,False
Rule,reference,RQ3,F6_medium,300,0.006666666666666667,0.0,0.016666666666666666,0.43111111111111106,0.4088888888888889,0.45277777777777783,1.0,1.0,1.0,0.02,0.006666666666666667,0.03666666666666667,0.0,0.0,0.0,0.7192307692307692,0.7056986111522842,0.7321981424148607,,,,,,,,,,,,,,2.2062566131353378e-05,2.112472429871559e-05,2.3916363716125488e-05,4.445970989763737e-05,4.0188990533351904e-05,4.721912555396557e-05,5.0090486183762544e-05,0.0,,,False
Jev-1.13.0,main,RQ3,F6_high,300,0.78,0.7333333333333333,0.8266666666666667,0.96,0.951111111111111,0.9688888888888888,1.0,1.0,1.0,0.0,0.0,0.0,0.118,0.08997955010224949,0.1479183015695067,0.006923076923076923,0.0030534351145038168,0.011591962905718702,,,,,,,,,,,,,,0.2801162297837436,0.2743584793061018,0.2856002920307219,0.3683523122221232,0.3512065651826561,0.3952268296852709,0.4223573863040652,267.0,4.703902e-05,0.0603064358974359,False
DeepSeek-V4.1-Flash,main,RQ3,F6_high,300,0.9866666666666667,0.9733333333333334,0.9966666666666667,0.9977777777777779,0.9955555555555554,0.9994444444444446,1.0,1.0,1.0,0.0,0.0,0.0,0.006,0.0,0.013779527559055118,0.0007692307692307692,0.0,0.002347417840375587,,,,,,,,,,,,,,0.40366233326494694,0.39778814604505897,0.41053935373201966,0.5254412034992129,0.5200122891459614,0.5452587858308108,0.6940818606875836,38.0,8.209899999999999e-05,0.08320844594594595,False
GLM-5.3-Flash,main,RQ3,F6_high,300,0.9133333333333333,0.88,0.9433333333333334,0.9855555555555556,0.98,0.9905555555555556,1.0,1.0,1.0,0.0,0.0,0.0,0.002,0.0,0.00631578947368421,0.012307692307692308,0.0069124423963133645,0.018561484918793503,,,,,,,,,,,,,,0.8951059794053435,0.8686428959481418,0.9262775206007063,1.3759727525059136,1.3248482331167908,1.594384675007314,1.9648176513519116,53.0,8.182716666666667e-05,0.08959178832116788,False
Qwen3.8-Flash,main,RQ3,F6_high,300,0.9533333333333334,0.9266666666666666,0.9766666666666667,0.9916666666666667,0.9866666666666667,0.9955555555555556,1.0,1.0,1.0,0.0,0.0,0.0,0.03,0.015503875968992248,0.04700920245398772,0.0,0.0,0.0,,,,,,,,,,,,,,1.8125435831025243,1.743815270718187,1.8624251252040267,6.012180639291185,4.528444651979958,7.13056914904155,7.95145001339726,59.0,4.5683900000000005e-05,0.04792017482517482,False
SemIf-Qwen3.5-4B,main,RQ3,F6_high,300,0.36,0.30666666666666664,0.41333333333333333,0.8533333333333334,0.8372222222222222,0.8688888888888887,1.0,1.0,1.0,0.006666666666666667,0.0,0.016666666666666666,0.362,0.3186163008482447,0.40606060606060607,0.03076923076923077,0.021143023891490965,0.04127743719454685,,,,,,,,,,,,,,0.12377303396351635,0.12373824743553996,0.123788355384022,0.2537935838336125,0.23202494089491668,0.2700155465165154,0.30383143792860207,0.0,,,False
Laya,main,RQ3,F6_high,300,0.04,0.02,0.06333333333333334,0.5938888888888889,0.57,0.6166666666666667,1.0,1.0,1.0,0.26,0.21333333333333335,0.31,0.846,0.8088531187122736,0.8816067653276956,0.031538461538461536,0.02157164869029276,0.042683400242387516,,,,,,,,,,,,,,0.05581749533303082,0.05581180122680962,0.05582196358591318,0.21574901172425598,0.20108570009469992,0.22878321730531753,0.23777037306688725,0.0,,,False
Qwen3.5-4B-JSON,reference,RQ3,F6_high,300,0.5233333333333333,0.4666666666666667,0.58,0.8944444444444444,0.8794444444444444,0.9083333333333333,1.0,1.0,1.0,0.0033333333333333335,0.0,0.01,0.244,0.20196030839520274,0.2874500162109586,0.016153846153846154,0.00943377699387867,0.02339622641509434,,,,,,,,,,,,,,1.111969384830445,1.1034862995147705,1.1145213670097291,1.2301047046435998,1.1890513875754551,1.2996014798758553,1.8497116233455013,44.0,,,False
Rule,reference,RQ3,F6_high,300,0.0,0.0,0.0,0.3877777777777778,0.36833333333333335,0.4083333333333333,1.0,1.0,1.0,0.03666666666666667,0.016666666666666666,0.06,0.002,0.0,0.0063025210084033615,0.7476923076923077,0.7380015735641228,0.7569184741959611,,,,,,,,,,,,,,2.835458144545555e-05,2.6667490601539612e-05,3.0687544494867325e-05,5.392031744122505e-05,5.103345029056073e-05,5.772719159722329e-05,6.181799806654443e-05,0.0,,,False
Jev-1.13.0,main,RQ3,F8_low,300,0.5766666666666667,0.52,0.6333333333333333,0.9333333333333333,0.9233333333333333,0.9433333333333334,1.0,1.0,1.0,0.0,0.0,0.0,0.1451851851851852,0.11963136855038951,0.1716867469879518,0.02318840579710145,0.016431683945314114,0.030355122441487473,,,,,,,,,,,,,,0.2723786672577262,0.2654408747330308,0.27691231248900294,0.3705426336731764,0.3405819139909,0.4718668186571454,0.6236780733428883,365.0,5.699036e-05,0.09882721387283237,False
DeepSeek-V4.1-Flash,main,RQ3,F8_low,300,0.9,0.8666666666666667,0.9333333333333333,0.9875,0.9833333333333333,0.9916666666666667,1.0,1.0,1.0,0.0,0.0,0.0,0.017777777777777778,0.008797331936471408,0.027972285446512247,0.008695652173913044,0.004637613985591213,0.01316561495373184,,,,,,,,,,,,,,0.45963531266897917,0.4503113739192486,0.4687088751234114,0.590959447203204,0.5658943484537303,0.6291047686245295,0.8302435106039044,53.0,0.00011372499999999999,0.12636111111111112,False
GLM-5.3-Flash,main,RQ3,F8_low,300,0.8033333333333333,0.7566666666666667,0.8466666666666667,0.9745833333333334,0.9683333333333334,0.9804166666666667,1.0,1.0,1.0,0.0,0.0,0.0,0.014814814814814815,0.006982996735310847,0.02460236001335856,0.028405797101449276,0.0210896309314587,0.036031109630626786,,,,,,,,,,,,,,0.9295277707278728,0.9018166670575738,0.9717262098565698,1.954003887530418,1.6452526601497084,2.628743803082039,3.680732259666545,68.5,6.254036666666667e-05,0.07785107883817427,False
Qwen3.8-Flash,main,RQ3,F8_low,300,0.8233333333333334,0.78,0.8666666666666667,0.9691666666666666,0.9575,0.9791666666666666,0.9933333333333333,0.9833333333333333,1.0,0.0,0.0,0.0,0.07555555555555556,0.055964653902798235,0.09663250366032211,0.007536231884057971,0.0005733944954128441,0.01763668430335097,,,,,,,,,,,,,,2.0922222710214555,2.0219017919152975,2.1497821044176817,3.525439153518528,3.198993202857674,3.871130234794699,5.68842122111468,79.0,5.934942281879195e-05,0.07160375708502024,False
SemIf-Qwen3.5-4B,main,RQ3,F8_low,300,0.13333333333333333,0.09666666666666666,0.17333333333333334,0.7895833333333333,0.7745833333333333,0.8045833333333333,1.0,1.0,1.0,0.023333333333333334,0.006666666666666667,0.043333333333333335,0.36148148148148146,0.3259905809623482,0.3981769743188395,0.08637681159420289,0.0747495885726523,0.09832294532517229,,,,,,,,,,,,,,0.1327900686301291,0.13278719154186547,0.13279841095209122,0.19380653898697348,0.18595578807871793,0.20166568614076824,0.21082670963369304,0.0,,,False
Laya,main,RQ3,F8_low,300,0.01,0.0,0.023333333333333334,0.6120833333333333,0.5941666666666666,0.63,1.0,1.0,1.0,0.45666666666666667,0.4,0.5133333333333333,0.92,0.8957739716764235,0.9421371195389527,0.008695652173913044,0.004634994206257242,0.01309068153030572,,,,,,,,,,,,,,0.05656299996189773,0.0558027783408761,0.05668298085220158,0.24171073904726656,0.22968910089693964,0.252729597943835,0.25971202952787276,0.0,,,False
Qwen3.5-4B-JSON,reference,RQ3,F8_low,300,0.3,0.24666666666666667,0.35333333333333333,0.8608333333333333,0.8454166666666667,0.8754166666666666,1.0,1.0,1.0,0.0,0.0,0.0,0.23851851851851852,0.2,0.2786144578313253,0.05333333333333334,0.042294322132097335,0.0651541593949971,,,,,,,,,,,,,,1.5069993070792407,1.5020831688307226,1.5147337790112942,1.7893367564072833,1.6920437857974326,1.8901125745382166,2.109784355591982,63.0,,,False
Rule,reference,RQ3,F8_low,300,0.0,0.0,0.0,0.38458333333333333,0.36625,0.4033333333333333,1.0,1.0,1.0,0.0,0.0,0.0,0.0,0.0,0.0,0.8133333333333334,0.8062791572071227,0.8198403648802737,,,,,,,,,,,,,,1.8895603716373444e-05,1.7437618225812912e-05,2.0582694560289383e-05,3.692172467708588e-05,3.3799558877944946e-05,3.89752443879843e-05,6.717711687087993e-05,0.0,,,False
Jev-1.13.0,main,RQ3,F8_medium,300,0.5666666666666667,0.51,0.6233333333333333,0.93625,0.9270833333333334,0.9454166666666667,1.0,1.0,1.0,0.01,0.0,0.023333333333333334,0.17629629629629628,0.1496171788347361,0.20422592746018595,0.009855072463768115,0.0056785917092561046,0.014620311023460283,,,,,,,,,,,,,,0.272052479442209,0.26667429227381945,0.27646683249622583,0.35519832363352183,0.34075633562169977,0.3705755275674165,0.40490415258333057,364.0,5.801138e-05,0.10237302352941176,False
DeepSeek-V4.1-Flash,main,RQ3,F8_medium,300,0.93,0.9,0.9566666666666667,0.9908333333333333,0.9866666666666667,0.9945833333333334,1.0,1.0,1.0,0.0,0.0,0.0,0.011851851851851851,0.0044444444444444444,0.02074074074074074,0.0052173913043478265,0.002294893861158921,0.008777062609713282,,,,,,,,,,,,,,0.45475916704162955,0.4391972726094536,0.46349087450653315,0.9252222054172312,0.6910730442963544,1.585740821389484,2.605590098174282,53.0,0.000122652,0.13188387096774193,False
GLM-5.3-Flash,main,RQ3,F8_medium,300,0.8366666666666667,0.7933333333333333,0.8766666666666667,0.9775,0.97125,0.9833333333333333,1.0,1.0,1.0,0.0,0.0,0.0,0.022222222222222223,0.011940298507462687,0.034023668639053255,0.01971014492753623,0.013497652582159625,0.026533160364041207,,,,,,,,,,,,,,0.9831007085740566,0.9468976659700274,1.0083368746563792,2.0555127496831123,1.6345115668606014,2.476399373635656,4.223809603946283,71.0,7.053533333333334e-05,0.08430517928286853,False
Qwen3.8-Flash,main,RQ3,F8_medium,300,0.79,0.7433333333333333,0.8333333333333334,0.9716666666666667,0.965,0.9779166666666667,1.0,1.0,1.0,0.0,0.0,0.0,0.07555555555555556,0.0572685686510964,0.09461426491994178,0.0017391304347826088,0.0,0.004027617951668585,,,,,,,,,,,,,,1.85889756353572,1.797326416708529,1.9029907500371337,2.616954798065126,2.3329289734829226,2.7971852345392114,2.932923443159088,81.0,6.445196666666667e-05,0.08158476793248945,False
SemIf-Qwen3.5-4B,main,RQ3,F8_medium,300,0.1,0.06666666666666667,0.13666666666666666,0.7733333333333333,0.7575,0.7891666666666667,1.0,1.0,1.0,0.04,0.02,0.06333333333333334,0.4918518518518519,0.45347075287991095,0.5316274486754085,0.04869565217391304,0.03916887065193451,0.05837264150943396,,,,,,,,,,,,,,0.13376453262753785,0.1328652543015778,0.1337805560324341,0.174816879699938,0.1357875014655292,0.17786211227066817,0.20293467633891837,0.0,,,False
Laya,main,RQ3,F8_medium,300,0.0033333333333333335,0.0,0.01,0.5708333333333333,0.5533333333333333,0.5883333333333334,1.0,1.0,1.0,0.46,0.4066666666666667,0.5166666666666667,0.8948148148148148,0.8660694987649239,0.9219450798525157,0.006376811594202898,0.0028784847888606007,0.010882016036655211,,,,,,,,,,,,,,0.056792853167280555,0.05678567662835121,0.05679465737193823,0.14685312442015858,0.14484106150921436,0.16014205138199042,0.18180981800891458,0.0,,,False
Qwen3.5-4B-JSON,reference,RQ3,F8_medium,300,0.24333333333333335,0.19333333333333333,0.29333333333333333,0.8404166666666667,0.8254166666666667,0.8554166666666667,1.0,1.0,1.0,0.0,0.0,0.0,0.32296296296296295,0.28179090544702756,0.36470632199067965,0.03536231884057971,0.026300734927765353,0.04511762127990354,,,,,,,,,,,,,,1.5191972819156945,1.5161937198136002,1.5231344741769135,1.5922414412721992,1.584179051220417,1.5985343706794084,1.6142517035873607,63.0,,,False
Rule,reference,RQ3,F8_medium,300,0.0,0.0,0.0,0.3675,0.34958333333333336,0.38625,1.0,1.0,1.0,0.0,0.0,0.0,0.0,0.0,0.0,0.8214492753623188,0.8159141166181338,0.8264556246466931,,,,,,,,,,,,,,2.7749687433242798e-05,2.4770386517047882e-05,2.9979273676872253e-05,4.866905510425568e-05,4.600794054567815e-05,5.1938602700829514e-05,6.0206316411495176e-05,0.0,,,False
Jev-1.13.0,main,RQ3,F8_high,300,0.5266666666666666,0.47,0.5833333333333334,0.9245833333333333,0.9141666666666667,0.9345833333333333,1.0,1.0,1.0,0.0033333333333333335,0.0,0.01,0.20444444444444446,0.17546299772255175,0.23548056505839327,0.00927536231884058,0.005151688609044075,0.013793301739009733,,,,,,,,,,,,,,0.26440937584266067,0.2612448539584875,0.26992504205554724,0.35019389353692537,0.33573698098771276,0.3640891000628471,0.4007664101198314,364.0,5.895918e-05,0.11194781012658228,False
DeepSeek-V4.1-Flash,main,RQ3,F8_high,300,0.93,0.9,0.9566666666666667,0.99125,0.9875,0.9945833333333334,1.0,1.0,1.0,0.0,0.0,0.0,0.017777777777777778,0.008797653958944282,0.028064992614475627,0.0017391304347826088,0.0,0.004050925925925926,,,,,,,,,,,,,,0.48253095895051956,0.4692937498912215,0.49154558358713984,0.9531430955510596,0.7472190910484642,1.2759808501694359,7.555949480785048,53.0,0.00013112676,0.14099651612903225,False
GLM-5.3-Flash,main,RQ3,F8_high,300,0.8566666666666667,0.8166666666666667,0.8966666666666666,0.98125,0.9758333333333333,0.98625,1.0,1.0,1.0,0.0,0.0,0.0,0.014814814814814815,0.006191711208195961,0.024390243902439025,0.017391304347826087,0.011594202898550725,0.02360391479562464,,,,,,,,,,,,,,1.2720480212010443,1.2265687505714595,1.3298883959650993,2.4617923475801944,2.100737495766955,2.752240289142366,4.847652410259469,76.0,0.00010667783333333334,0.12452665369649805,False
Qwen3.8-Flash,main,RQ3,F8_high,300,0.6333333333333333,0.5766666666666667,0.6866666666666666,0.9145833333333333,0.89125,0.9358333333333333,0.96,0.9366666666666666,0.98,0.0,0.0,0.0,0.1288888888888889,0.10606060606060606,0.15295912026984582,0.04115942028985507,0.02048892982788978,0.06463035254037883,,,,,,,,,,,,,,1.9645771249197423,1.9166299998760223,2.007618437986821,5.591971953958273,4.834584165364504,6.077896803151816,7.078251944212242,81.0,6.83936875e-05,0.10367043157894736,False
SemIf-Qwen3.5-4B,main,RQ3,F8_high,300,0.07,0.043333333333333335,0.1,0.75,0.73375,0.76625,1.0,1.0,1.0,0.023333333333333334,0.006666666666666667,0.043333333333333335,0.5525925925925926,0.5167883211678832,0.5890014471780028,0.03710144927536232,0.028818028791883027,0.04586649454008956,,,,,,,,,,,,,,0.13472050591371953,0.13382942858152092,0.13477308955043554,0.2207783534191549,0.19976504303049297,0.22894272683188324,0.26679395144805307,0.0,,,False
Laya,main,RQ3,F8_high,300,0.0033333333333333335,0.0,0.01,0.5158333333333334,0.4970833333333333,0.5345833333333333,1.0,1.0,1.0,0.36666666666666664,0.31333333333333335,0.42,0.8059259259259259,0.7740027255557436,0.8372093023255814,0.042318840579710144,0.03227664890127643,0.053479010925819435,,,,,,,,,,,,,,0.05680551542900503,0.0568034490570426,0.05682199355214834,0.19288454786874357,0.17988798366859557,0.20979494298808277,0.2238166789757087,0.0,,,False
Qwen3.5-4B-JSON,reference,RQ3,F8_high,300,0.21,0.16666666666666666,0.25666666666666665,0.8295833333333333,0.815,0.84375,1.0,1.0,1.0,0.0,0.0,0.0,0.4014814814814815,0.35795305023923446,0.4461310843936034,0.022608695652173914,0.015249266862170088,0.030356100408639813,,,,,,,,,,,,,,1.5472248957958072,1.5392423702869564,1.5522534349001944,1.6574636742006987,1.6384127656929195,1.6785522621835114,1.9507363901240717,63.0,,,False
Rule,reference,RQ3,F8_high,300,0.0,0.0,0.0,0.34875,0.33125,0.36625,1.0,1.0,1.0,0.0033333333333333335,0.0,0.01,0.0,0.0,0.0,0.8144927536231884,0.8082271147161066,0.8204545454545454,,,,,,,,,,,,,,3.300001844763756e-05,3.131292760372162e-05,3.5750214010477066e-05,5.7918066158890734e-05,5.427962169051171e-05,6.36703334748745e-05,6.679699756205082e-05,0.0,,,False
Jev-1.13.0,main,RQ4,K4,300,0.92,0.89,0.95,0.98,0.9725,0.9875,1.0,1.0,1.0,0.0,0.0,0.0,0.013333333333333334,0.0031847133757961785,0.02768166089965398,0.011111111111111112,0.004519646478172706,0.01807909604519774,,,,,1.0,1.0,1.0,,,,0.8235294117647058,0.6842105263157895,0.923076923076923,0.265518291387707,0.2597938124090433,0.26888164645060897,0.35128250396810473,0.33695513699203733,0.35877783969044696,0.430831522820517,193.0,3.945242e-05,0.042883065217391304,False
DeepSeek-V4.1-Flash,main,RQ4,K4,300,0.9566666666666667,0.9333333333333333,0.9766666666666667,0.9891666666666666,0.9833333333333333,0.9941666666666666,1.0,1.0,1.0,0.0,0.0,0.0,0.02,0.006389776357827476,0.03767123287671233,0.0011111111111111111,0.0,0.003413066463495221,,,,,1.0,1.0,1.0,,,,0.888888888888889,0.7843137254901961,0.9655172413793104,0.3720938125625253,0.36860385444015265,0.37807691656053066,0.7067952308338138,0.5393823334015906,1.0736213311087368,2.167716197725385,25.0,7.015276000000001e-05,0.07333041114982577,False
GLM-5.3-Flash,main,RQ4,K4,300,0.9466666666666667,0.92,0.97,0.9766666666666667,0.9616666666666667,0.9891666666666666,0.9866666666666667,0.9733333333333334,0.9966666666666667,0.0,0.0,0.0,0.0,0.0,0.0,0.024444444444444446,0.011073890865257403,0.040748898678414094,,,,,0.9888888888888889,0.9743589743589743,1.0,,,,0.9473684210526316,0.8750000000000001,1.0,0.7903709169477224,0.7360694576054811,0.845939250383526,2.944086479488761,2.3922662726137793,3.4960900505073376,4.435354258026921,28.0,5.818868243243243e-05,0.060647359154929574,False
Qwen3.8-Flash,main,RQ4,K4,300,0.9533333333333334,0.9266666666666666,0.9766666666666667,0.9858333333333333,0.9758333333333333,0.9933333333333333,0.9966666666666667,0.99,1.0,0.0,0.0,0.0,0.023333333333333334,0.007067137809187279,0.041811846689895474,0.0033333333333333335,0.0,0.010227272727272727,,,,,0.9962962962962963,0.9885931558935361,1.0,,,,0.888888888888889,0.7843137254901961,0.9655172413793104,1.307631416246295,1.2749593541957438,1.3540389579720795,2.4134084974415604,2.1781738325569324,2.7544323696754884,3.8886992201488435,24.0,3.601263545150502e-05,0.03764957342657343,False
SemIf-Qwen3.5-4B,main,RQ4,K4,300,0.62,0.5633333333333334,0.6733333333333333,0.8875,0.87,0.9041666666666667,1.0,1.0,1.0,0.006666666666666667,0.0,0.016666666666666666,0.19,0.1476482561337881,0.23432472153465345,0.07111111111111111,0.05468705509681093,0.0876803551609323,,,,,0.9962962962962963,0.9886781732418525,1.0,,,,0.8928571428571429,0.7916666666666667,0.9666666666666666,0.12181497039273381,0.12181268073618412,0.12182586872950196,0.2127453977940604,0.2067786179482937,0.21381648485548793,0.22178231857251374,0.0,,,False
Laya,main,RQ4,K4,300,0.20666666666666667,0.16325000000000006,0.25333333333333335,0.7066666666666667,0.6825,0.73,1.0,1.0,1.0,0.13333333333333333,0.09666666666666666,0.17333333333333334,0.7466666666666667,0.7033324175824176,0.7896709440067373,0.022222222222222223,0.013186813186813187,0.03278734886136043,,,,,0.9814814814814815,0.9632352941176471,0.996268656716418,,,,0.37209302325581395,0.17142857142857146,0.5454545454545455,0.05582080641761422,0.05581845389679074,0.05582257220521569,0.1507781447842717,0.14873177106492222,0.15471905798185617,0.1668384604202583,0.0,,,False
Qwen3.5-4B-JSON,reference,RQ4,K4,300,0.4666666666666667,0.41,0.5233333333333333,0.8358333333333333,0.8158333333333333,0.855,1.0,1.0,1.0,0.01,0.0,0.023333333333333334,0.4866666666666667,0.42345203509698626,0.5506768997258127,0.016666666666666666,0.008948545861297539,0.025219298245614034,,,,,1.0,1.0,1.0,,,,0.37837837837837834,0.16666666666666669,0.5660377358490566,0.7438265138771385,0.7408257948700339,0.7653372942004353,0.8788030319381506,0.8729615358170122,0.8798736651428044,0.8977856171084568,29.0,,,False
MiniLM-Reranker,reference,RQ4,K4,300,,,,,,,1.0,1.0,1.0,,,,,,,,,,,,,,0.6518518518518519,0.593522215194877,0.706959706959707,,,,0.38961038961038963,0.28787606278613476,0.48366013071895425,0.003242728766053915,0.003209158289246261,0.0032595833763480186,0.00475037987343967,0.003839111980050803,0.005407448811456561,0.005571867190301414,0.0,,,False
DistilBERT-Clf-All,reference,RQ4,K4,300,,,,,,,1.0,1.0,1.0,,,,,,,,,,,,,,0.825925925925926,0.7802178318135765,0.8700409237467963,,,,0.6363636363636364,0.45000000000000007,0.7843137254901961,0.0034619378857314587,0.0034313537180423737,0.003481562715023756,0.005932343611493708,0.004404566669836646,0.007029968639835716,0.007657275032252069,0.0,,,False
Jev-1.13.0,main,RQ4,K15,300,0.9066666666666666,0.8733333333333333,0.94,0.9758333333333333,0.9666666666666667,0.9841666666666666,1.0,1.0,1.0,0.0,0.0,0.0,0.06666666666666667,0.04013377926421405,0.09539473684210527,0.0022222222222222222,0.0,0.005605381165919282,,,,,1.0,1.0,1.0,,,,0.888888888888889,0.7856792717086836,0.9655172413793104,0.2692148336209357,0.2648051237920299,0.2757168961688876,0.3737000935710967,0.3438396124634892,0.4038371963426471,0.45806173969059966,345.0,5.4556880000000005e-05,0.06017302941176471,False
DeepSeek-V4.1-Flash,main,RQ4,K15,300,0.9866666666666667,0.9733333333333334,0.9966666666666667,0.9966666666666667,0.9933333333333333,0.9991666666666666,1.0,1.0,1.0,0.0,0.0,0.0,0.013333333333333334,0.003134796238244514,0.028268551236749116,0.0,0.0,0.0,,,,,1.0,1.0,1.0,,,,1.0,1.0,1.0,0.39520916622132063,0.38984993752092123,0.40189872961491346,0.6080332805868242,0.5306532898452133,0.7059733397793029,1.3435146925039525,32.0,8.492452e-05,0.08607214864864865,False
GLM-5.3-Flash,main,RQ4,K15,300,0.9666666666666667,0.9433333333333334,0.9866666666666667,0.9816666666666667,0.9666666666666667,0.9933333333333333,0.9866666666666667,0.9733333333333334,0.9966666666666667,0.0,0.0,0.0,0.0,0.0,0.0,0.01888888888888889,0.00558659217877095,0.03534903785027394,,,,,0.9888888888888889,0.9742647058823529,1.0,,,,0.9473684210526316,0.8771929824561403,1.0,1.0270939790643752,0.9547041454352438,1.0922839940758422,4.191169695649297,2.831075409520418,4.69125131033361,5.871561653967944,29.0,0.00010755895270270271,0.1097843103448276,False
Qwen3.8-Flash,main,RQ4,K15,300,0.95,0.9233333333333333,0.9733333333333334,0.9841666666666666,0.9741666666666666,0.9925,0.9966666666666667,0.99,1.0,0.0,0.0,0.0,0.04666666666666667,0.023333333333333334,0.07291856751824816,0.0044444444444444444,0.0,0.013528748590755355,,,,,0.9962962962962963,0.9885931558935361,1.0,,,,0.983050847457627,0.9411764705882353,1.0,1.3095857710577548,1.2705165827646852,1.334158146288246,2.2589620954357095,2.053573532402516,2.6063121660146877,3.1045682502072305,29.0,4.00339331103679e-05,0.04200051228070175,False
SemIf-Qwen3.5-4B,main,RQ4,K15,300,0.6433333333333333,0.5866666666666667,0.6966666666666667,0.9,0.8833333333333333,0.9158333333333334,1.0,1.0,1.0,0.0,0.0,0.0,0.19666666666666666,0.1563517915309446,0.23948472896440123,0.05444444444444444,0.04013377926421405,0.06949011115817764,,,,,0.9851851851851852,0.9696969696969697,0.9963768115942029,,,,0.9032258064516129,0.8108108108108107,0.9696969696969697,0.16579022794030607,0.16577452141791582,0.16579951299354434,0.24646906757261605,0.21679816136602315,0.2588460131781176,0.2938557450799271,0.0,,,False
Laya,main,RQ4,K15,300,0.18333333333333332,0.14,0.23,0.69,0.6666666666666666,0.7141666666666666,1.0,1.0,1.0,0.14666666666666667,0.10666666666666667,0.18666666666666668,0.7433333333333333,0.6996989563821246,0.7869415807560137,0.02666666666666667,0.016853932584269662,0.036954087346024636,,,,,0.9148148148148149,0.8805970149253731,0.9463652715626919,,,,0.0,,,0.05581348296254873,0.05581283787614666,0.05581413395702839,0.05689476893749089,0.056808084598742425,0.14405996860004966,0.15795370867475855,0.0,,,False
Qwen3.5-4B-JSON,reference,RQ4,K15,300,0.45666666666666667,0.4,0.5133333333333333,0.8325,0.8125,0.8516666666666667,1.0,1.0,1.0,0.016666666666666666,0.0033333333333333335,0.03333333333333333,0.56,0.5016943483929482,0.6172424435930183,0.006666666666666667,0.001128668171557562,0.013377926421404682,,,,,0.9851851851851852,0.9700374531835206,0.9964028776978417,,,,0.7234042553191489,0.5555555555555556,0.8571428571428571,0.8878136824350804,0.8867032849229872,0.8888199983630329,1.002918729209341,0.9948628158774228,1.036332627409138,1.3972198043949862,35.0,,,False
MiniLM-Reranker,reference,RQ4,K15,300,,,,,,,1.0,1.0,1.0,,,,,,,,,,,,,,0.837037037037037,0.7923028673835125,0.8796992481203008,,,,0.52,0.39080459770114945,0.6326530612244897,0.0033957702107727528,0.0033430629409849644,0.003458812367171049,0.005913158832117915,0.0056753974407911315,0.006036754697561264,0.015576361194252958,0.0,,,False
DistilBERT-Clf-All,reference,RQ4,K15,300,,,,,,,1.0,1.0,1.0,,,,,,,,,,,,,,0.8444444444444444,0.8,0.8864468864468864,,,,0.28,0.11305031446540882,0.44000000000000006,0.0036541251465678215,0.0035927086137235165,0.0037548337131738663,0.008255545469000935,0.007807928463444113,0.008353645820170641,0.011969278687611221,0.0,,,False
Jev-1.13.0,main,RQ4,K64,300,0.8666666666666667,0.8266666666666667,0.9033333333333333,0.9666666666666667,0.9566666666666667,0.9758333333333333,1.0,1.0,1.0,0.0,0.0,0.0,0.07666666666666666,0.04794520547945205,0.10738615862019191,0.0033333333333333335,0.0,0.007743362831858407,,,,,1.0,1.0,1.0,,,,0.7234042553191489,0.5517241379310345,0.8518518518518519,0.29037466645240784,0.28627012530341744,0.29859654139727354,0.37831778959371154,0.3479604435618967,0.38979733004234746,0.42107004147954247,955.0,0.00011751306,0.13559199230769234,False
DeepSeek-V4.1-Flash,main,RQ4,K64,300,0.9533333333333334,0.9266666666666666,0.9766666666666667,0.9883333333333333,0.9816666666666667,0.9941666666666666,1.0,1.0,1.0,0.0,0.0,0.0,0.03333333333333333,0.01459721300597213,0.05501618122977346,0.0,0.0,0.0,,,,,1.0,1.0,1.0,,,,0.9285714285714286,0.846153846153846,0.9855072463768115,0.38675597915425897,0.38057052064687014,0.3930798292742111,0.5701760838739579,0.51026677521877,0.8086218931246578,1.7232739701215158,32.0,7.296372e-05,0.07653537062937063,False
GLM-5.3-Flash,main,RQ4,K64,300,0.9733333333333334,0.9533333333333334,0.99,0.9933333333333333,0.9883333333333333,0.9975,1.0,1.0,1.0,0.0,0.0,0.0,0.0033333333333333335,0.0,0.01056338028169014,0.0033333333333333335,0.0,0.007658853036973832,,,,,1.0,1.0,1.0,,,,0.9473684210526316,0.8771929824561403,1.0,0.6606662087142467,0.6352346665225923,0.6873156670480967,1.23213354870677,1.049716811307008,1.5879206050187382,3.5738613583426817,32.0,8.38237e-05,0.08612023972602739,False
Qwen3.8-Flash,main,RQ4,K64,300,0.9633333333333334,0.94,0.9833333333333333,0.9908333333333333,0.985,0.9958333333333333,1.0,1.0,1.0,0.0,0.0,0.0,0.023333333333333334,0.007091572062250959,0.04180064308681672,0.0,0.0,0.0,,,,,1.0,1.0,1.0,,,,0.9285714285714286,0.8444444444444443,0.9846153846153847,2.86081310454756,2.5094628748483956,3.2897306252270937,7.568101388309151,7.347602205490694,7.877559428894895,8.838364945352076,44.0,5.581078000000001e-05,0.05793506574394463,False
SemIf-Qwen3.5-4B,main,RQ4,K64,300,0.0,0.0,0.0,0.0,0.0,0.0,0.0,0.0,0.0,0.0,0.0,0.0,0.0,0.0,0.0,1.0,1.0,1.0,,,,,0.0,0.0,0.0,,,,0.0,,,0.04084296734072268,0.04084150027483702,0.040844129864126444,0.04090929029043764,0.04088819306343794,0.040921170730143785,0.04094133837148547,,,,True
Laya,main,RQ4,K64,300,0.10666666666666667,0.07333333333333333,0.14008333333333214,0.6016666666666667,0.575,0.6283333333333333,1.0,1.0,1.0,0.25333333333333335,0.20333333333333334,0.30333333333333334,0.7866666666666666,0.7425367548485119,0.8285714285714286,0.01888888888888889,0.010952602932118367,0.027901785714285716,,,,,0.5703703703703704,0.5113636363636364,0.6287878787878788,,,,0.06451612903225806,0.05,0.21621621621621626,0.05776063445955515,0.05775984632782638,0.05776156671345234,0.05876903324387968,0.058760634250938894,0.058775802794843915,0.05975685589481145,0.0,,,False
Qwen3.5-4B-JSON,reference,RQ4,K64,300,0.43666666666666665,0.38,0.49333333333333335,0.82,0.7991666666666667,0.8408333333333333,1.0,1.0,1.0,0.01,0.0,0.023333333333333334,0.5866666666666667,0.5283018867924528,0.6442990305741982,0.005555555555555556,0.0011160714285714285,0.010976948408342482,,,,,0.9518518518518518,0.924812030075188,0.9746376811594203,,,,0.6222222222222223,0.4324324324324324,0.7755102040816326,0.9177889770362526,0.9167279931716621,0.9187992126680911,1.0107055082684382,0.989681331650354,1.0138165979413316,1.040760396355763,35.0,,,False
MiniLM-Reranker,reference,RQ4,K64,300,,,,,,,1.0,1.0,1.0,,,,,,,,,,,,,,0.8851851851851852,0.8452830188679246,0.9215704565408253,,,,0.5333333333333333,0.3666666666666667,0.676923076923077,0.0033162920735776424,0.0032965834252536297,0.0033392501063644886,0.004632015759125354,0.0040187684353441,0.005371791869401933,0.0057818199507892075,0.0,,,False
DistilBERT-Clf-All,reference,RQ4,K64,300,,,,,,,1.0,1.0,1.0,,,,,,,,,,,,,,0.6259259259259259,0.567270013568521,0.6838235294117647,,,,0.25,0.11111111111111112,0.3859649122807018,0.003542520571500063,0.0035012918524444103,0.0035600000992417336,0.0066784918308258065,0.0043377466499805485,0.007156859105452898,0.007953763790428631,0.0,,,False
Jev-1.13.0,main,RQ4,K128,300,0.8866666666666667,0.85,0.92,0.9708333333333333,0.9608333333333333,0.98,1.0,1.0,1.0,0.0,0.0,0.0,0.06666666666666667,0.04054054054054054,0.0957472299639725,0.0022222222222222222,0.0,0.005611672278338945,,,,,1.0,1.0,1.0,1.0,1.0,1.0,0.7234042553191489,0.5613684210526317,0.8571428571428571,0.3046053540892899,0.29925708286464214,0.31022752706194295,0.40559765547513965,0.3857087384234183,0.43892102842219183,0.49698566083796286,1723.0,0.00019738389999999999,0.22261342105263157,False
DeepSeek-V4.1-Flash,main,RQ4,K128,300,0.9666666666666667,0.9466666666666667,0.9866666666666667,0.9916666666666667,0.9866666666666667,0.9966666666666667,1.0,1.0,1.0,0.0,0.0,0.0,0.02,0.00641025641025641,0.037037037037037035,0.0011111111111111111,0.0,0.003393665158371041,,,,,1.0,1.0,1.0,1.0,1.0,1.0,0.9473684210526316,0.8771929824561403,1.0,0.4171422915533185,0.41340983286499977,0.42311585415154696,0.9985341819934553,0.6271007275674494,1.222524337051441,3.782833242779593,41.0,0.00010907031999999999,0.11283136551724136,False
GLM-5.3-Flash,main,RQ4,K128,300,0.9633333333333334,0.94,0.9833333333333333,0.99,0.9833333333333333,0.9958333333333333,1.0,1.0,1.0,0.0,0.0,0.0,0.0,0.0,0.0,0.0077777777777777776,0.0022650056625141564,0.014285714285714285,,,,,1.0,1.0,1.0,1.0,1.0,1.0,0.9090909090909091,0.8148148148148148,0.9795918367346939,1.008882312104106,0.9521333961747587,1.05018668808043,2.73603974855505,2.263531858008355,3.1489629427436743,3.4653842622973006,33.0,0.00044805453333333336,0.4651085121107267,False
Qwen3.8-Flash,main,RQ4,K128,300,0.9433333333333334,0.9166666666666666,0.9666666666666667,0.985,0.9775,0.9916666666666667,1.0,1.0,1.0,0.0033333333333333335,0.0,0.01,0.04,0.019865910432102816,0.0630922686732972,0.0,0.0,0.0,,,,,1.0,1.0,1.0,1.0,1.0,1.0,0.888888888888889,0.7842710997442456,0.9655172413793104,1.3985965633764863,1.378641833551228,1.4408637913875282,2.0348180072847755,1.8194936253130436,2.3179335005115718,3.1744422805309265,42.0,0.0001083757,0.11488590106007067,False
SemIf-Qwen3.5-4B,main,RQ4,K128,300,0.0,0.0,0.0,0.0,0.0,0.0,0.0,0.0,0.0,0.0,0.0,0.0,0.0,0.0,0.0,1.0,1.0,1.0,,,,,0.0,0.0,0.0,0.0,0.0,0.0,0.0,,,0.04082581936381757,0.040824253577739,0.04082679864950478,0.04087668801657855,0.04084719580132514,0.04090240565128624,0.04091609422583133,,,,True
Laya,main,RQ4,K128,300,0.08333333333333333,0.05333333333333334,0.11666666666666667,0.5608333333333333,0.5341666666666667,0.5875,1.0,1.0,1.0,0.18333333333333332,0.14,0.22674999999999879,0.77,0.7272655122655123,0.8122869655499961,0.028888888888888888,0.018805309734513276,0.039735099337748346,,,,,0.29850746268656714,0.2222222222222222,0.37857142857142856,0.4485294117647059,0.366412213740458,0.5307758620689654,0.0,,,0.06370939407497644,0.0636937110684812,0.06371458992362022,0.17171880351379515,0.15981649558525535,0.17871144698001445,0.19873717118520287,0.0,,,False
Qwen3.5-4B-JSON,reference,RQ4,K128,300,0.4166666666666667,0.36333333333333334,0.47333333333333333,0.8233333333333334,0.8041666666666667,0.8425,1.0,1.0,1.0,0.006666666666666667,0.0,0.016666666666666666,0.5933333333333334,0.5416666666666666,0.6440693045418903,0.01888888888888889,0.010845986984815618,0.027995520716685332,,,,,1.0,1.0,1.0,0.9779411764705882,0.9496402877697842,1.0,0.8235294117647058,0.6923076923076924,0.923076923076923,0.970741908531636,0.9617468353826553,0.9816916049458086,1.0938986481865869,1.061619754997082,1.2060433189151811,1.862827811064195,35.0,,,False
MiniLM-Reranker,reference,RQ4,K128,300,,,,,,,1.0,1.0,1.0,,,,,,,,,,,,,,0.8955223880597015,0.8413765736179529,0.9448289437958186,0.9264705882352942,0.8805906365607858,0.9666666666666667,0.5531914893617021,0.358974358974359,0.7111111111111111,0.0033972919918596745,0.0033513749949634075,0.0034345625899732113,0.005963237630203367,0.005620035436004402,0.006605776771903062,0.018533455701544875,0.0,,,False
DistilBERT-Clf-All,reference,RQ4,K128,300,,,,,,,1.0,1.0,1.0,,,,,,,,,,,,,,0.5895522388059702,0.5043459680416202,0.6742424242424242,0.2647058823529412,0.19199452054794522,0.34074074074074073,0.1515151515151515,0.037037037037037035,0.27144800167399036,0.0035868119448423386,0.0035449168644845486,0.003650125116109848,0.008148256223648787,0.007387263979762796,0.008853770885616542,0.015296968799084381,0.0,,,False
Jev-1.13.0,main,RQ4,K254,300,0.9366666666666666,0.9066666666666666,0.9633333333333334,0.9841666666666666,0.9766666666666667,0.9908333333333333,1.0,1.0,1.0,0.0,0.0,0.0,0.03666666666666667,0.01718213058419244,0.05841980184763689,0.0044444444444444444,0.0010869565217391304,0.009060022650056626,,,,,1.0,1.0,1.0,1.0,1.0,1.0,0.9285714285714286,0.8444444444444443,0.9855072463768115,0.3352463124319911,0.33305247919633985,0.3386065000668168,0.4322494559455663,0.4193029772955925,0.4447642610874028,0.5021886307559895,3281.0,0.00035576394000000003,0.37981915302491104,False
DeepSeek-V4.1-Flash,main,RQ4,K254,300,0.97,0.95,0.9866666666666667,0.9925,0.9875,0.9966666666666667,1.0,1.0,1.0,0.0,0.0,0.0,0.023333333333333334,0.007461993008933031,0.04180064308681672,0.0011111111111111111,0.0,0.003409090909090909,,,,,1.0,1.0,1.0,0.9950738916256158,0.9845360824742269,1.0,1.0,1.0,1.0,0.49788895808160305,0.4776595402508974,0.5136151248589158,1.0076639054808771,0.7243773059453815,1.234558023652062,1.5740746188722536,40.0,0.0001169938,0.1206121649484536,False
GLM-5.3-Flash,main,RQ4,K254,300,0.98,0.9633333333333334,0.9933333333333333,0.995,0.9908333333333333,0.9983333333333333,1.0,1.0,1.0,0.0,0.0,0.0,0.0033333333333333335,0.0,0.01056338028169014,0.005555555555555556,0.001117287260574621,0.010965213183892767,,,,,1.0,1.0,1.0,1.0,1.0,1.0,1.0,1.0,1.0,0.7110822913236916,0.7013989165425301,0.7234507920220494,1.8758243805263195,1.4778864376246934,2.2612617040984335,2.699218308860435,40.5,0.00020050873333333333,0.2046007482993197,False
Qwen3.8-Flash,main,RQ4,K254,300,0.9633333333333334,0.94,0.9833333333333333,0.9908333333333333,0.985,0.9958333333333333,1.0,1.0,1.0,0.0,0.0,0.0,0.023333333333333334,0.007219567306443655,0.04152249134948097,0.0022222222222222222,0.0,0.005611829909582716,,,,,0.9850746268656716,0.9482758620689655,1.0,1.0,1.0,1.0,0.983050847457627,0.9393939393939393,1.0,1.7946689580567181,1.7537845205515623,1.8697222080081701,3.791272670403123,3.086031097220257,4.175300840707498,5.274228654643519,41.0,0.00014192009999999998,0.14732190311418686,False
SemIf-Qwen3.5-4B,main,RQ4,K254,300,0.0,0.0,0.0,0.0,0.0,0.0,0.0,0.0,0.0,0.0,0.0,0.0,0.0,0.0,0.0,1.0,1.0,1.0,,,,,0.0,0.0,0.0,0.0,0.0,0.0,0.0,,,0.04080225923098624,0.040800231054890904,0.04080310510471463,0.04084501564502716,0.040834989352151754,0.04087261811364442,0.04090157852042466,,,,True
Laya,main,RQ4,K254,300,0.0,0.0,0.0,0.0,0.0,0.0,0.0,0.0,0.0,0.0,0.0,0.0,0.0,0.0,0.0,1.0,1.0,1.0,,,,,0.0,0.0,0.0,0.0,0.0,0.0,0.0,,,0.05179004813544452,0.051787119591608644,0.0517922843049746,0.05185463174711913,0.051825881958939134,0.051941242767497904,0.05280955092050135,,,,True
Qwen3.5-4B-JSON,reference,RQ4,K254,300,0.49333333333333335,0.43666666666666665,0.55,0.8358333333333333,0.815,0.8566666666666667,1.0,1.0,1.0,0.01,0.0,0.023333333333333334,0.5166666666666667,0.4521452145214521,0.5797139190821256,0.014444444444444444,0.007709251101321586,0.022751926805428705,,,,,0.8955223880597015,0.8135593220338984,0.9649122807017544,0.9211822660098522,0.8817733990147784,0.9560975609756097,0.9333333333333333,0.8571428571428571,0.9855072463768115,1.0587489230092615,1.0487328269518912,1.0685993551742285,1.179495954955928,1.1527186496416106,1.2596868357155484,1.6707093171589067,35.0,,,False
MiniLM-Reranker,reference,RQ4,K254,300,,,,,,,1.0,1.0,1.0,,,,,,,,,,,,,,0.8656716417910447,0.7777777777777778,0.9428706199460914,0.8719211822660099,0.8232323232323232,0.9166666666666666,0.75,0.6046511627906976,0.8666666666666666,0.0033197496086359024,0.0032999166287481785,0.0033422913402318954,0.003869928978383541,0.003700416535139084,0.004074950376525522,0.006307041887193883,0.0,,,False
DistilBERT-Clf-All,reference,RQ4,K254,300,,,,,,,1.0,1.0,1.0,,,,,,,,,,,,,,0.6268656716417911,0.509090909090909,0.7428571428571429,0.13793103448275862,0.09174211770361765,0.18627450980392157,0.5360824742268041,0.40476190476190477,0.6476190476190476,0.0034985626116394997,0.0034763747826218605,0.0035175830125808716,0.004081110423430801,0.0039461711421608925,0.004377170745283366,0.004786346424370982,0.0,,,False
Jev-1.13.0,main,RQ4,churn25,300,0.9033333333333333,0.8666666666666667,0.9366666666666666,0.975,0.9658333333333333,0.9833333333333333,1.0,1.0,1.0,0.0,0.0,0.0,0.05,0.027303754266211604,0.07590759075907591,0.0022222222222222222,0.0,0.005649717514124294,,,,,1.0,1.0,1.0,1.0,1.0,1.0,0.7499999999999999,0.5882352941176471,0.8750000000000001,0.2775980210863054,0.272801395971328,0.2840044027660042,0.39394470751285554,0.3668817950412631,0.4070942893624307,0.4842521680891513,954.0,0.00011701998,0.12954241328413285,False
DeepSeek-V4.1-Flash,main,RQ4,churn25,300,0.9766666666666667,0.96,0.9933333333333333,0.9941666666666666,0.99,0.9983333333333333,1.0,1.0,1.0,0.0,0.0,0.0,0.02,0.006472491909385114,0.03738397228050097,0.0011111111111111111,0.0,0.00340522133938706,,,,,1.0,1.0,1.0,1.0,1.0,1.0,1.0,1.0,1.0,0.400956854224205,0.3961474164389074,0.4102637907490134,1.3615951163228608,0.7750702708028284,1.9738161584362395,3.122038735346868,31.0,7.014972e-05,0.0718256518771331,False
GLM-5.3-Flash,main,RQ4,churn25,300,0.98,0.9633333333333334,0.9933333333333333,0.9941666666666666,0.9891666666666666,0.9983333333333333,1.0,1.0,1.0,0.0,0.0,0.0,0.0,0.0,0.0,0.0044444444444444444,0.0,0.010493513408848814,,,,,1.0,1.0,1.0,1.0,1.0,1.0,0.9473684210526316,0.8771929824561403,1.0,0.7148004998452961,0.6752330204471946,0.749742915853858,1.9276549995411203,1.4323523313738407,2.5961061459500354,3.3203604390379016,31.0,8.320833333333333e-05,0.08490646258503401,False
Qwen3.8-Flash,main,RQ4,churn25,300,0.9866666666666667,0.9733333333333334,0.9966666666666667,0.9966666666666667,0.9933333333333333,0.9991666666666666,1.0,1.0,1.0,0.0,0.0,0.0,0.01,0.0,0.022508038585209004,0.0,0.0,0.0,,,,,1.0,1.0,1.0,1.0,1.0,1.0,0.983050847457627,0.9411764705882353,1.0,1.3994229370728135,1.3675466245040298,1.4376440830528736,2.2841121748555455,2.002414433192462,2.645215157372878,3.0914949319884175,41.0,5.3375513333333336e-05,0.05409680405405406,False
SemIf-Qwen3.5-4B,main,RQ4,churn25,300,0.0,0.0,0.0,0.0,0.0,0.0,0.0,0.0,0.0,0.0,0.0,0.0,0.0,0.0,0.0,1.0,1.0,1.0,,,,,0.0,0.0,0.0,0.0,0.0,0.0,0.0,,,0.040843481896445155,0.040842902613803744,0.0408445349894464,0.040896296058781444,0.04087900654412806,0.040916800452396276,0.040932801309973,,,,True
Laya,main,RQ4,churn25,300,0.11666666666666667,0.08333333333333333,0.15333333333333332,0.6166666666666667,0.5916666666666667,0.6433333333333333,1.0,1.0,1.0,0.18,0.13666666666666666,0.22333333333333333,0.7466666666666667,0.702054794520548,0.7902636824936572,0.022222222222222223,0.013318534961154272,0.032009524603330945,,,,,0.5643564356435643,0.494949494949495,0.631585493584708,0.6176470588235294,0.5,0.734375,0.0,,,0.05777545110322535,0.057770211016759276,0.05777933378703892,0.15480693387798966,0.15176283195614815,0.17291671973653142,0.19986833040136834,0.0,,,False
Qwen3.5-4B-JSON,reference,RQ4,churn25,300,0.42333333333333334,0.36666666666666664,0.48,0.8258333333333333,0.8066458333333333,0.845,1.0,1.0,1.0,0.01,0.0,0.023333333333333334,0.5833333333333334,0.5275063639592706,0.6387983091787439,0.01,0.0043907793633369925,0.016778523489932886,,,,,0.9801980198019802,0.958974358974359,0.9952158806106174,1.0,1.0,1.0,0.5714285714285715,0.3720930232558139,0.7368421052631579,0.9297375853639096,0.915794748114422,0.9362882774730679,1.100401553278789,1.0451071318704637,1.218228621617891,1.7031175098800972,35.0,,,False
MiniLM-Reranker,reference,RQ4,churn25,300,,,,,,,1.0,1.0,1.0,,,,,,,,,,,,,,0.8910891089108911,0.8469375549262768,0.9320451557443366,0.9411764705882353,0.8805820895522388,0.9864909909909909,0.28,0.11428571428571428,0.43902439024390244,0.0033245417289435863,0.003304291982203722,0.003350582905113697,0.005588566977530719,0.0054167890921235085,0.005833864910528065,0.006464244965463874,0.0,,,False
DistilBERT-Clf-Frozen,reference,RQ4,churn25,300,,,,,,,1.0,1.0,1.0,,,,,,,,,,,,,,0.6534653465346535,0.5858585858585859,0.7170731707317073,0.0,0.0,0.0,0.265625,0.1626016260162602,0.36496350364963503,0.0034901248291134834,0.003471062518656254,0.003521145321428776,0.0074450672604143625,0.006911000236868858,0.008159841876477003,0.00907893139868964,0.0,,,False
DistilBERT-Clf-Retrained,reference,RQ4,churn25,300,,,,,,,1.0,1.0,1.0,,,,,,,,,,,,,,0.7079207920792079,0.6442307692307693,0.7692307692307693,0.14705882352941177,0.06779661016949153,0.23529411764705882,0.2574257425742575,0.14432989690721648,0.3655913978494624,0.0034948750399053097,0.0034602332045324145,0.003532874397933483,0.007084383629262447,0.006645242031663656,0.00756125575862825,0.00822987494058907,0.0,,,False
Jev-1.13.0,main,RQ4,churn50,300,0.91,0.8766666666666667,0.94,0.9775,0.9691666666666666,0.985,1.0,1.0,1.0,0.0,0.0,0.0,0.05,0.027303754266211604,0.07575894322284212,0.0011111111111111111,0.0,0.003389830508474576,,,,,1.0,1.0,1.0,1.0,1.0,1.0,0.8,0.6666666666666666,0.9090909090909091,0.28483616653829813,0.27981856232509017,0.2919944366440177,0.37639131960459055,0.3646343578584492,0.39830256407149145,0.45080368408933275,969.0,0.00011753882,0.12916353846153847,False
DeepSeek-V4.1-Flash,main,RQ4,churn50,300,0.9566666666666667,0.9333333333333333,0.9766666666666667,0.9891666666666666,0.9833333333333333,0.9941666666666666,1.0,1.0,1.0,0.0,0.0,0.0,0.03,0.012902188569650452,0.05067567567567568,0.0,0.0,0.0,,,,,1.0,1.0,1.0,1.0,1.0,1.0,0.9473684210526316,0.874943181818182,1.0,0.37997287465259433,0.37720531271770597,0.385173917748034,0.5204051051288844,0.48868566853925594,0.6102610523812473,0.6755264384299513,37.0,7.784872e-05,0.08137496864111499,False
GLM-5.3-Flash,main,RQ4,churn50,300,0.9733333333333334,0.9533333333333334,0.99,0.9933333333333333,0.9883333333333333,0.9975,1.0,1.0,1.0,0.0,0.0,0.0,0.0033333333333333335,0.0,0.010526315789473684,0.006666666666666667,0.0021929824561403508,0.012415349887133182,,,,,1.0,1.0,1.0,1.0,1.0,1.0,0.983050847457627,0.9411764705882353,1.0,0.7723655421286821,0.745957454200834,0.7948135626502335,2.51548111862503,2.246109827607871,2.8943190228659663,10.348950879601716,31.0,9.33432e-05,0.09590054794520549,False
Qwen3.8-Flash,main,RQ4,churn50,300,0.9766666666666667,0.96,0.9933333333333333,0.9941666666666666,0.99,0.9983333333333333,1.0,1.0,1.0,0.006666666666666667,0.0,0.016666666666666666,0.016666666666666666,0.0033783783783783786,0.032376436513127126,0.0,0.0,0.0,,,,,1.0,1.0,1.0,1.0,1.0,1.0,0.9655172413793104,0.90665625,1.0,1.3955948539078236,1.368809375911951,1.448802312836051,2.50941366669722,2.2337583546526734,2.9103370372205988,3.3613549915607956,41.0,5.5855446666666666e-05,0.057189877133105804,False
SemIf-Qwen3.5-4B,main,RQ4,churn50,300,0.0,0.0,0.0,0.0,0.0,0.0,0.0,0.0,0.0,0.0,0.0,0.0,0.0,0.0,0.0,1.0,1.0,1.0,,,,,0.0,0.0,0.0,0.0,0.0,0.0,0.0,,,0.04084283113479614,0.040841613663360476,0.04084394359961152,0.040902938297949734,0.04087963928468526,0.04092589730862528,0.040937190488912166,,,,True
Laya,main,RQ4,churn50,300,0.14333333333333334,0.10333333333333333,0.18333333333333332,0.6258333333333334,0.6008333333333333,0.6508333333333334,1.0,1.0,1.0,0.16333333333333333,0.12333333333333334,0.20666666666666667,0.74,0.6940757281326091,0.7854788081331792,0.03222222222222222,0.020833333333333332,0.04524886877828054,,,,,0.5882352941176471,0.504,0.6709677419354839,0.6716417910447762,0.5912408759124088,0.7482014388489209,0.0,,,0.05777527717873454,0.05777452792972326,0.05777570279315114,0.058750515594147144,0.05785324102500455,0.0588304520584643,0.15536094265989953,0.0,,,False
Qwen3.5-4B-JSON,reference,RQ4,churn50,300,0.42333333333333334,0.36666666666666664,0.48,0.8275,0.8083333333333333,0.8466666666666667,1.0,1.0,1.0,0.016666666666666666,0.0033333333333333335,0.03333333333333333,0.5833333333333334,0.5244743855493041,0.6426116838487973,0.0044444444444444444,0.0010905125408942203,0.00903954802259887,,,,,0.9705882352941176,0.9387755102040817,0.9930567528735632,0.9850746268656716,0.9615384615384616,1.0,0.7755102040816326,0.625,0.8928571428571428,0.9117933120578527,0.9097824650816619,0.9288044320419431,1.0069805797422304,1.000733109889552,1.0712472842540592,1.1428508308902383,35.0,,,False
MiniLM-Reranker,reference,RQ4,churn50,300,,,,,,,1.0,1.0,1.0,,,,,,,,,,,,,,0.8308823529411765,0.7646953781512604,0.8923140495867768,0.9328358208955224,0.8872180451127819,0.9714285714285714,0.5074626865671642,0.3448275862068965,0.6451612903225806,0.0032984171994030476,0.003267833963036537,0.003319479525089264,0.0038240705616772184,0.003658663248643279,0.005045217042788863,0.0057527227140962995,0.0,,,False
DistilBERT-Clf-Frozen,reference,RQ4,churn50,300,,,,,,,1.0,1.0,1.0,,,,,,,,,,,,,,0.5220588235294118,0.43884892086330934,0.6074074074074074,0.0,0.0,0.0,0.23783783783783782,0.1566265060240964,0.3191489361702128,0.0034612291492521763,0.003443036484532058,0.003484499640762806,0.003922062739729881,0.003816593950614334,0.004244844615459444,0.006408262336626637,0.0,,,False
DistilBERT-Clf-Retrained,reference,RQ4,churn50,300,,,,,,,1.0,1.0,1.0,,,,,,,,,,,,,,0.4411764705882353,0.35877862595419846,0.5238095238095238,0.1417910447761194,0.0851063829787234,0.2028985507246377,0.23076923076923078,0.14814814814814814,0.3121387283236994,0.003480374813079834,0.0034540207125246525,0.0035030837170779705,0.003944868547841909,0.0037763948552310468,0.005315383430570365,0.008463757233694193,0.0,,,False
